ID,Mass_ground_truth,Mass_prediction
2110298,8.187260628,8.892742157
269884,8.740440369,8.74982357
655926,9.132857323,8.984713554
147296,8.527032852,9.209005356
2610159,9.09912014,9.10997963
282715,8.823904037,8.922901154
1400578,8.390357971,9.229379654
1120467,8.58423996,8.289340973
637438,8.412731171,8.602816582
1262253,8.181023598,8.381094933
4021063,8.562981606,8.575500488
3800065,7.866974831,8.594232559
3957697,8.130663872,8.993396759
1192753,9.32748127,8.929507256
2550778,9.075293541,9.193552971
2597579,8.505662918,8.705550194
1568160,8.492357254,8.811892509
3931288,9.309908867,8.857789993
2053146,8.716364861,8.554409981
2555100,9.181760788,9.052143097
654638,8.918985367,8.789130211
2522266,8.096821785,8.729589462
3773929,8.843255043,8.92510128
1610833,8.511416435,8.541165352
3105845,9.389781952,9.013422012
489049,9.000980377,8.567312241
2491958,8.105952263,8.623397827
1163677,8.158750534,8.540859222
592970,8.999328613,8.785691261
1020058,8.92128849,8.974953651
1021519,8.77408123,8.89640522
432265,9.771417618,9.285449028
3501770,8.350964546,9.051387787
552880,8.3950243,8.639814377
2595282,9.182624817,9.041675568
521037,9.098310471,8.481847763
963633,9.50418663,9.041573524
1833218,9.327305794,9.095216751
698463,8.757511139,9.065664291
3419645,9.132205963,9.062274933
871620,8.510263443,8.599405289
1875045,8.279569626,8.857017517
1045155,8.22082901,8.627800941
1890415,8.644883156,8.568917274
4231331,8.319485664,9.012158394
4105888,7.803473473,8.809076309
1016406,9.360076904,9.359419823
2101736,8.457718849,8.999933243
1907233,0,8.62077713
562665,8.951734543,8.779820442
497803,8.77156353,8.927751541
1664567,8.228816032,8.733288765
1775436,8.974161148,8.019849777
4911676,9.316135406,9.321064949
385379,8.54613781,8.664096832
2544433,8.915616035,9.013532639
1516218,9.423891068,9.004528999
912291,9.410053253,9.36741066
4042315,8.363677979,8.815706253
2500072,8.675186157,8.953723907
1511546,8.29013443,8.840819359
2577285,8.898897171,9.100131989
3574077,8.699112892,8.832820892
3759387,8.355797768,8.770153046
1776429,9.490168571,9.035943031
2707388,9.50159359,8.632871628
330776,9.139429092,8.731151581
344767,9.203891754,8.625925064
261663,8.810246468,9.427493095
748703,9.483265877,9.092568398
2578027,9.166542053,8.574734688
3853147,8.886249542,8.555315018
695441,9.739149094,9.037118912
1149321,8.875450134,9.141849518
3049744,8.812646866,8.65819931
135974,9.258234978,7.935031414
2066116,8.775242805,8.944411278
275056,8.198088646,8.719335556
18562,9.388846397,9.294174194
3173785,8.777020454,9.07388401
212346,9.121067047,8.56629467
3029352,9.022665977,9.232108116
3839555,9.336688995,9.012623787
1821886,8.995476723,8.91512394
3829976,9.224802971,8.922546387
2661861,8.832429886,8.503656387
1071615,9.016126633,8.693370819
903145,9.215356827,9.049226761
1891207,8.655430794,7.999975204
2029966,8.064990044,8.373866081
4111651,8.90973568,9.004179001
3279512,9.403241158,9.137407303
1209786,8.713511467,8.903578758
5004824,9.176220894,9.152357101
2109029,9.592598915,8.830524445
844384,8.628801346,8.673911095
246651,8.493456841,8.935949326
1991163,8.518673897,8.996921539
458421,8.939220428,8.715909004
1678849,9.489764214,9.120648384
460148,9.768006325,9.417109489
412290,8.608982086,8.601657867
1593840,8.729017258,8.492625237
1004203,8.274738312,8.816675186
4034532,9.593776703,9.359600067
3580274,9.505887032,9.013175964
4048330,8.336662292,8.759264946
2560024,8.25710392,8.976511002
2867,8.303262711,8.703777313
234686,8.083636284,8.812661171
1757480,8.65421772,8.454069138
3104880,9.290612221,9.36751461
1695029,9.496153831,9.00839901
1998276,9.622830391,8.936026573
21200,9.196526527,8.898319244
3079992,9.600980759,8.743289948
1684216,8.837212563,9.156412125
668811,8.6808815,8.876440048
4151460,9.14344883,8.51048851
226352,9.527117729,9.282102585
367841,9.222876549,9.164691925
460951,8.625500679,8.751991272
604716,8.788312912,8.820524216
1502015,7.894714832,9.13338089
534468,8.728513718,8.575285912
4041292,8.518016815,8.764788628
1357944,8.083438873,8.766928673
4141186,7.557911396,8.563416481
3795679,8.927732468,8.830247879
3074140,8.783116341,8.712657928
1994355,9.29917717,8.954229355
1228453,9.083757401,8.811100006
2002021,8.112748146,8.730975151
1682885,8.472634315,8.96867466
4961622,8.851304054,8.743510246
1229647,9.215237617,8.767845154
685463,8.572414398,8.405791283
2559705,8.551624298,8.764414787
1194125,8.979325294,9.347942352
1618930,8.858260155,9.027852058
1148436,8.224036217,9.33379364
674317,8.555610657,8.397408485
1855457,8.978025436,9.102722168
761418,8.57084465,8.750234604
2394821,9.041390419,8.859333992
1587489,8.295466423,9.00760746
2112657,8.882054329,8.561935425
1720816,8.287060738,8.927121162
4130501,8.411242485,8.663826942
1126917,8.847056389,9.608677864
88738,8.726518631,8.710677147
4987918,7.750436783,8.751461029
3110686,9.675580025,8.700401306
1653841,0,8.706245422
1729371,8.628457069,8.854969978
3844446,8.662230492,8.858285904
3512495,9.111924171,9.055017471
1884714,8.593488693,9.019657135
588740,9.034807205,9.467047691
1289965,8.027697563,8.827176094
3108018,9.178386688,8.565295219
2071527,8.899014473,8.909687996
1427724,9.742436409,9.535751343
680844,8.593227386,8.670537949
426782,9.363996506,8.773940086
1785598,8.452317238,8.671328545
2859508,9.227491379,9.01751709
140339,8.909431458,8.59585762
1510712,8.675323486,8.925246239
388619,0,8.568490028
1147289,9.038373947,8.626374245
1299803,8.68113327,9.298796654
779256,8.551260948,8.743865967
2049364,9.456912994,8.491827965
3140841,0,9.276229858
2641027,9.083461761,8.96740818
402814,8.394373894,8.749080658
767516,8.992507935,8.811032295
3540522,8.846119881,8.493599892
3721100,9.054044724,8.381509781
102187,8.368817329,8.548307419
570234,7.723675251,8.863237381
2537910,8.744384766,8.977294922
1243220,8.850330353,8.799212456
459716,9.27004528,9.103188515
36251,8.313835144,8.658338547
165681,0,9.198327065
1990653,7.931881905,9.184568405
818810,8.873698235,8.479323387
2585077,8.685469627,9.080212593
3168417,8.654586792,8.763421059
1117476,8.589634895,8.962945938
3048392,9.295115471,8.90071106
2071832,8.358865738,8.675329208
1485220,8.655092239,8.819496155
3033276,7.996290684,8.673201561
2121582,8.176210403,9.206193924
3435385,8.212063789,8.509694099
307136,8.055839539,8.258013725
3151744,8.657680511,8.702165604
388504,8.900326729,8.707069397
247841,9.220252037,9.62604332
3359069,8.802176476,8.964284897
1680749,8.006073952,9.06354332
216183,8.077924728,8.851387978
1303873,8.504227638,8.956078529
4027727,9.238589287,8.545656204
3744713,8.906053543,8.593348503
4105931,8.845277786,8.76426506
1715717,8.562146187,8.738799095
322283,0,8.870004654
762763,8.069447517,9.365196228
3825101,9.523670197,8.94316864
1706930,8.214940071,8.734446526
2587150,9.80495739,8.950557709
1094741,8.682149887,9.265029907
888714,9.040079117,8.720793724
1176345,9.090105057,9.011778831
3960507,9.400720596,9.008680344
2021196,8.770813942,8.610186577
3139757,9.704346657,9.638870239
3405573,9.079518318,9.106182098
556264,8.971653938,8.727150917
650877,8.458240509,8.960389137
284755,9.210727692,9.051510811
454461,9.177387238,9.137974739
3124924,9.162279129,9.289923668
4121989,8.351033211,8.594536781
1380486,9.082101822,8.744415283
3826601,8.029294968,8.736017227
1167105,8.742897034,9.13301754
642935,8.242629051,9.032282829
3255635,8.959533691,9.038488388
58697,8.454997063,8.530402184
744260,8.818388939,9.295539856
3882783,8.244660378,8.531082153
1809615,9.148262978,8.693547249
3839582,9.009580612,8.805696487
2115281,7.678621769,8.871668816
3860613,8.986408234,8.886536598
1963616,9.240890503,9.171339035
2509117,8.368841171,8.829297066
79566,8.541963577,9.050602913
2505602,9.42292881,9.120494843
3983461,8.842190742,8.759032249
986535,8.602706909,9.007174492
63511,8.385613441,8.90940094
3636907,9.229952812,9.062707901
655920,8.589700699,8.955173492
1838763,8.492959023,8.743368149
3728239,8.337729454,8.844779968
2052894,8.979570389,9.025747299
2184365,9.265582085,9.09945488
607430,9.537198067,8.998216629
696089,8.425421715,8.549909592
412056,9.928220749,8.732129097
785259,8.873614311,9.325425148
1988442,9.170334816,8.854560852
3926449,8.832040787,8.673869133
1006209,8.778923035,8.781885147
1443923,9.01998806,8.057528496
3062710,9.203501701,8.736414909
2275232,9.346155167,9.137794495
4141654,9.133948326,9.062736511
408727,9.851813316,9.06798172
1272156,8.014172554,8.770665169
411899,8.436767578,8.680949211
2117298,8.764157295,8.552313805
794906,8.028563499,9.101137161
49159,9.284316063,8.877656937
2249880,8.690031052,8.744504929
1636120,9.411690712,9.232296944
2051310,9.014545441,8.824362755
466287,8.944759369,8.900346756
3054011,8.00839138,9.058306694
2429577,8.718202591,8.784063339
1311685,8.958233833,8.859525681
3754411,9.377304077,8.824372292
164998,9.202301979,8.740968704
3873116,8.816260338,8.868234634
693592,9.230543137,8.832669258
1118390,8.774760246,8.84226799
1611577,9.081707954,8.714417458
1262003,8.47040844,8.107250214
3043595,7.983778477,8.677536011
2101989,8.983671188,9.188185692
651264,9.090128899,9.211546898
3900099,9.559926033,8.757541656
1542393,8.633133888,8.856599808
590263,8.540266037,8.833112717
4922380,8.849049568,8.777571678
1736452,7.793902874,9.368572235
80524,8.124699593,9.06211853
1625714,7.936591148,8.966464996
434615,9.15068531,8.534296989
1025740,9.540765762,8.69611454
983034,8.587841034,8.654578209
3087679,7.929861546,8.910542488
3448378,9.406949043,8.813490868
292516,8.799576759,8.35753727
1265168,8.945250511,8.647115707
338794,8.927933693,9.18413353
2032495,9.017900467,8.864385605
4080109,9.351307869,9.355004311
7838,8.444908142,8.779429436
1631415,8.639045715,8.845992088
2114496,8.709720612,8.732252121
3924967,8.181818008,8.516839981
1628771,8.497121811,8.210016251
4007575,9.545308113,8.784836769
1375615,8.515236855,9.287467003
2138850,9.018057823,8.848453522
682946,9.1431427,8.734495163
572808,9.297171593,8.745767593
1187107,8.827821732,9.198712349
2552418,8.676052094,8.872971535
365671,9.438565254,9.12042141
1992519,7.976658344,8.472094536
242661,9.071037292,8.747746468
3696348,9.23090744,8.308386803
2604456,8.454870224,9.464271545
2066000,8.299433708,8.469691277
2551347,8.719148636,8.985742569
2074345,8.282237053,8.670362473
3922126,9.236250877,8.935301781
256609,9.262040138,8.861122131
2549070,9.136774063,8.962245941
604284,8.613547325,9.152638435
1221577,8.428284645,8.427562714
1416668,9.589551926,8.772018433
2513332,8.187103271,8.883856773
241971,8.901913643,8.841979027
3975288,9.170465469,8.018899918
2613947,8.140377045,8.55885601
1499089,9.019380569,8.819973946
500057,8.580726624,8.557762146
2028366,9.52107811,8.706320763
3161366,8.675601959,9.161364555
2725738,9.285605431,8.634545326
2003201,9.498889923,8.814531326
1996657,0,8.921257019
3741808,8.753850937,8.938386917
4054084,8.760185242,8.892328262
930458,9.462762833,8.558161736
49422,7.763763428,9.329535484
3958962,9.00170517,8.531645775
3046193,9.060018539,8.992016792
791067,9.062777519,8.934743881
1683866,8.443534851,8.939629555
2105662,8.361951828,8.901755333
1707140,9.047193527,8.623073578
194483,8.600881577,8.145368576
1348042,8.483722687,8.72642231
3032670,9.370491028,9.026098251
2580699,8.736966133,8.820262909
2039630,8.211578369,8.698624611
2025672,8.796382904,8.951828003
2297540,9.877338409,9.987840652
1717949,8.634119034,9.052330971
1683314,8.927319527,9.043141365
955123,9.208655357,9.217869759
1925334,9.530366898,9.015193939
3078106,8.004686356,8.899014473
1229339,8.659282684,8.336882591
2589605,9.007054329,9.00437355
3997810,8.965393066,8.71407032
1080738,9.179250717,8.557822227
320428,8.665322304,9.115180016
2033110,8.648266792,8.935435295
3236158,8.270342827,8.779841423
1713938,8.98196888,8.61302948
2582219,8.076881409,9.03199482
836258,9.429320335,8.546707153
3792217,8.554434776,8.887259483
3910084,8.970179558,8.927174568
3511491,7.524919033,8.438206673
4065871,8.575257301,8.8320961
1108870,9.151719093,8.816756248
1222039,8.99297905,8.906778336
1978207,8.462651253,8.582683563
2120484,0,9.193906784
2571217,9.141806602,9.00890255
4084108,9.480101585,9.213792801
225080,9.406013489,8.673498154
846789,8.572946548,8.645112038
582730,8.586169243,8.907058716
1005316,9.134450912,8.473169327
1394828,8.903254509,8.737406731
290630,8.898701668,8.571447372
2560878,8.905542374,8.505372047
4089494,8.169342995,8.719604492
1292837,8.516880035,8.747565269
3994311,8.315742493,8.806735039
1694998,9.33996582,9.202607155
1597295,10.0414505,8.582248688
3941625,9.209366798,8.584152222
3869664,8.342129707,8.8244524
658506,9.013899803,8.380316734
20511,8.502824783,8.790194511
3530105,9.432855606,8.838150978
2653821,8.610641479,9.040649414
1271802,8.41601181,8.777405739
3048059,8.392762184,8.568404198
579653,8.362372398,8.674771309
2045390,9.356053352,9.244633675
57317,9.343405724,8.861115456
3092132,8.45674324,8.912716866
3788428,9.067195892,8.523022652
2516305,8.734333992,8.552680016
3862373,9.377877235,8.69630909
3810517,8.636903763,9.177947998
1661014,8.513889313,8.775338173
3970869,9.21687603,9.183521271
1032378,8.122086525,8.79001236
2790268,9.333414078,9.203588486
3821073,9.381868362,9.044813156
3064104,9.982749939,9.324128151
1654449,8.911156654,8.418531418
4989603,8.628798485,8.364352226
100801,9.796229362,9.291599274
3899492,8.745984077,9.03093338
2064956,8.720563889,9.048671722
2491485,9.011896133,8.518409729
2364757,9.44475174,9.050602913
2842904,9.29342556,8.868469238
1604123,8.296747208,8.881999016
811801,9.177124977,9.010087013
2052028,8.698824883,8.788187027
2203492,9.450113297,9.29609108
4136308,9.457431793,8.776503563
287365,9.025020599,9.572289467
352174,9.476573944,9.20886898
967348,8.728951454,9.070918083
3612178,9.277129173,9.17031765
3986141,9.353734016,9.483548164
2478562,9.023159981,9.241312027
4097441,7.563455105,8.968661308
2611054,8.217645645,9.036581993
401585,9.501471519,8.917387962
3763295,9.092196465,8.675824165
1111070,9.159249306,9.357275009
1277718,7.857526779,9.043867111
3587308,8.697461128,8.876432419
2623088,8.897109985,8.854603767
3848109,8.738670349,8.784222603
3753284,9.11904335,8.784410477
1852634,8.494550705,8.986433029
1589941,9.274781227,8.580002785
2702435,8.193514824,8.682906151
1584721,9.335237503,8.847144127
5001829,8.225232124,8.840983391
1365233,8.766753197,8.703390121
1363292,8.953083038,8.598228455
2038532,7.99815321,8.720569611
2483789,7.63502264,9.00201416
3173747,8.61900425,8.677109718
446537,8.533419609,8.666864395
3158381,8.932463646,8.816831589
685019,9.440124512,8.678918839
861520,9.610824585,8.78386116
253378,8.395694733,8.654683113
1694865,8.7763834,8.6182127
2484587,8.917320251,8.574007034
158833,8.811857224,8.842927933
1568873,8.63071537,8.474647522
4096617,8.73104763,8.964333534
1026527,0,8.80769825
2032849,9.555379868,8.388917923
817458,9.87451458,8.978396416
4915121,9.43962574,8.50318718
658952,9.255364418,9.049273491
4053904,8.813233376,9.017683983
4112748,8.630615234,9.085928917
818848,9.263449669,8.686738968
43198,8.03937912,8.851004601
3309254,9.31208992,8.822145462
3968206,9.81184864,8.813016891
3971347,9.681495667,8.873608589
1259376,9.303087234,9.056382179
622729,8.892944336,8.866145134
1329550,9.015880585,9.168533325
4036159,8.518745422,8.74742794
162282,8.257954597,8.811715126
119185,9.359629631,9.143222809
1995944,8.580233574,8.704024315
1239108,8.566134453,8.800168991
1227334,8.197294235,8.719175339
28295,8.357343674,8.569607735
1951732,8.62279892,8.772907257
1604794,7.83135128,8.071737289
1110813,8.802302361,8.781964302
835559,8.580562592,8.936057091
3870484,9.238435745,8.962489128
4122790,8.618438721,9.008961678
2204291,8.908772469,8.749336243
2614483,9.222205162,8.902416229
7001,9.370633125,9.063614845
3905089,8.781365395,8.889298439
2511257,8.607614517,8.676354408
413924,8.925398827,8.605297089
2034232,8.557995796,8.66368103
4929400,9.211808205,9.066975594
2617689,9.023136139,8.876660347
1362530,9.458345413,9.379067421
4905399,9.102176666,9.414532661
2004722,8.777342796,8.713526726
1596652,8.9700737,8.620268822
1737757,7.823280811,8.990685463
1827453,8.680850029,8.562350273
1688449,8.575971603,8.763010979
371312,8.923476219,8.695715904
3760086,9.084849358,8.938122749
7904816,8.441453934,8.726471901
4063529,8.013525963,8.990511894
1300190,9.731789589,9.430167198
3792717,8.585760117,8.75206852
170983,8.937206268,9.009902954
3073855,8.735613823,9.052377701
964171,9.157702446,8.808951378
229421,9.088381767,8.813458443
1673869,9.951865196,8.842635155
3958875,9.267271996,9.071707726
125207,8.542406082,8.851360321
1566393,8.355869293,8.76180172
927689,9.420611382,9.252585411
739590,8.706939697,8.819934845
664801,8.988642693,8.985377312
2590128,8.744100571,8.801355362
121749,7.818383217,8.739740372
2073759,8.634041786,9.138347626
253302,9.403734207,9.058943748
1517853,9.336467743,8.796106339
236156,8.689771652,9.084733009
126986,8.669628143,8.792571068
3294458,9.23633194,8.52187252
923471,9.150080681,8.939095497
717365,8.90157795,8.749736786
663489,8.987988472,8.86560154
85167,8.449578285,8.983122826
3196350,9.724887848,9.348277092
477242,9.079994202,8.514891624
1972917,8.541539192,8.937030792
3185554,9.350295067,9.290711403
576944,8.505002022,8.557313919
2543571,8.16075325,8.981762886
306157,9.781714439,8.800030708
3561447,8.888865471,8.898873329
949688,9.320445061,9.126942635
971619,8.488886833,8.832726479
4035209,9.504092216,9.035479546
3776743,9.253260612,8.828122139
1689522,9.659657478,9.00300312
1814544,8.102931023,8.634617805
3061549,8.706905365,9.202195168
3852959,9.119194031,8.721059799
2026240,9.253541946,8.708808899
1088481,8.945980072,9.000707626
2377754,7.510186195,8.637253761
1692757,9.499512672,8.760415077
1686898,8.382311821,8.518258095
991947,9.395576477,9.095610619
2140714,9.287384987,8.640788078
311946,8.858042717,8.910644531
2011370,8.39632225,8.696567535
1635553,8.270069122,8.964347839
2589945,8.845004082,9.002977371
2272229,8.360611916,9.034672737
2290858,9.518566132,9.592721939
331015,8.689250946,8.831833839
3886984,8.605093002,8.843544006
2494157,8.031248093,9.200856209
2831798,7.971595764,8.351049423
3082962,8.443982124,8.684844017
241736,9.733239174,9.073308945
2596227,8.444576263,8.632191658
3069421,9.119351387,8.785144806
4067117,9.712913513,8.792878151
136787,8.654735565,8.844667435
181404,9.096910477,8.731527328
3105307,7.902143955,8.701338768
2692040,9.60841465,8.917665482
99273,9.095419884,8.60496521
4139797,9.295433044,8.77773571
1303766,8.961590767,8.152296066
2175651,8.733956337,8.636406898
272768,8.407896042,9.045666695
3876992,9.046066284,8.928360939
2485015,8.603350639,8.71538353
3827761,0,9.00063324
3654791,8.350868225,8.541964531
421551,9.560388565,9.376772881
3691660,8.437651634,9.114819527
486502,8.443784714,8.851248741
1848457,9.069026947,8.888685226
593961,8.832553864,8.951787949
3062461,9.344262123,9.330558777
1726140,8.09018898,8.949399948
392158,8.666662216,9.183650017
1527392,8.835652351,9.163167
4042785,9.176917076,9.175388336
850873,9.517137527,8.666402817
1019778,9.610383987,8.960831642
9321,7.784718513,8.895424843
1712036,8.942223549,9.287858009
2564819,8.91270256,8.944363594
401033,8.58488369,8.687852859
2003594,8.139938354,8.345077515
3899751,8.538245201,9.367417336
708071,8.891625404,8.890193939
1957294,9.254501343,9.553088188
4127809,9.286766052,8.608999252
821576,9.210975647,8.93631649
703506,8.736535072,8.958766937
4085716,9.121470451,8.955583572
37675,8.696063042,9.009280205
3075824,8.660928726,8.602982521
1454328,8.294353485,8.777371407
2592545,8.597265244,9.369348526
177139,9.346227646,8.909255981
1661684,8.023696899,8.641771317
1193100,7.828469276,9.384374619
1052077,8.693469048,8.7041502
3027509,8.642620087,8.561328888
689841,8.42702198,8.551137924
1285114,8.727556229,8.842565536
449976,8.648885727,8.689843178
2100654,9.529470444,8.539626122
4143785,7.35517168,8.823980331
585712,9.390967369,9.37064743
4081319,8.157329559,8.656647682
2360811,8.793364525,8.824500084
212962,9.562797546,8.849588394
1679638,8.945857048,9.139092445
3964212,8.518719673,8.680786133
83360,8.28098774,8.656188011
1058096,8.861872673,8.887088776
1913209,8.372329712,8.455101967
3766762,9.920818329,8.87227726
4896450,8.417603493,8.456466675
415004,8.428431511,8.727276802
1492445,8.742868423,8.811218262
164724,8.705517769,8.35973835
1857731,8.809124947,8.616522789
380897,8.715435982,8.797608376
472508,9.260734558,9.078995705
2038755,8.947278023,8.773471832
4898421,7.861626148,8.417528152
1343422,9.346269608,9.394820213
3865837,7.79029274,8.994971275
3641610,8.154743195,8.586128235
3591661,8.153100967,9.01218605
2563437,8.922671318,8.903694153
924329,8.634833336,8.669948578
65793,9.085362434,8.773598671
3901204,9.243562698,8.535511017
1514334,8.220122337,9.136810303
788848,9.290854454,9.446882248
3382690,9.082268715,8.425911903
291788,9.346828461,9.015633583
584397,8.601085663,8.834227562
1260454,9.027700424,9.153281212
918159,9.186532974,8.581192017
3988658,8.998856544,8.565373421
3973772,9.34631443,9.17549324
1331112,8.742074966,8.656477928
4071505,9.445169449,9.414718628
3948240,8.497991562,8.859839439
57676,9.271018028,9.119082451
3063142,9.156262398,8.948799133
4959336,9.117810249,8.708530426
1621470,8.90857029,8.736948013
3120615,9.197644234,8.955904961
653726,8.422945976,9.392445564
3783736,8.780144691,8.583222389
3099391,8.655386925,8.631356239
2216880,9.463687897,8.738033295
1927021,9.069727898,8.49233532
3855862,9.042777061,8.93512249
111332,8.625091553,8.588870049
4094167,8.727599144,8.853352547
1472737,8.964967728,9.109776497
4146196,9.134962082,9.056023598
4015561,0,8.878087044
704093,8.536347389,8.516001701
1348929,0,8.790121078
4969590,8.538684845,8.790447235
1571694,8.90480423,8.846423149
1563914,8.872182846,8.740850449
1125238,8.064860344,8.853797913
1623742,9.178865433,8.533255577
51217,8.417959213,8.677170753
5158,9.444274902,8.960309982
3971696,9.015292168,8.952756882
885634,8.592784882,8.705534935
271835,8.502932549,8.546667099
1002453,8.479910851,8.829646111
586590,9.37899971,8.824800491
1018326,8.846601486,8.766194344
3858587,8.682892799,9.497897148
452144,9.315813065,8.923124313
1125199,8.454227448,8.979326248
114191,8.775747299,8.549277306
887096,8.901601791,8.723287582
531761,8.837744713,8.717606544
3074341,8.947394371,8.89743042
193517,9.231267929,8.849152565
2742913,9.591308594,8.959753036
3848222,8.017735481,9.032730103
2358347,9.095140457,9.464356422
3748997,8.575748444,8.927027702
154240,7.740106106,8.873728752
1998137,7.871359825,8.677363396
364543,8.051466942,9.181036949
928950,9.251899719,8.637471199
550078,9.40664959,9.026391983
2761351,7.837022305,8.882015228
3937304,9.13514328,9.371089935
3193455,9.137821198,9.432350159
665778,9.22183609,9.146288872
1866904,8.748737335,9.292243004
1316838,8.96713829,8.703857422
2104791,9.333390236,9.004184723
1657327,9.314631462,8.725204468
3190679,9.084216118,8.957932472
564056,8.925375938,8.783732414
2023122,8.946900368,8.711595535
1210960,8.826906204,8.849837303
2493793,9.66808033,9.083480835
381438,7.970072269,8.447739601
3082635,8.792391777,8.630156517
2695966,9.255144119,9.327283859
239131,8.652882576,8.580246925
4109802,8.965869904,8.630648613
3234445,8.054769516,8.927526474
448036,8.944975853,8.903939247
3058932,8.832843781,8.549550056
3119021,9.62948513,8.572280884
355336,9.609021187,8.935990334
1369732,8.667509079,8.866648674
3770314,8.071754456,8.894587517
4902719,8.611546516,9.104124069
97938,8.65911293,8.736197472
4105725,8.736715317,8.887955666
4078292,8.771403313,8.782662392
2488726,8.836620331,8.553863525
581333,9.624456406,9.202377319
3073865,9.189130783,8.662879944
4141849,8.904900551,8.998626709
1201577,9.904783249,9.578453064
729596,9.423192024,9.16434288
499152,9.00910759,9.173487663
211995,8.511021614,8.800286293
385194,8.97949028,8.623423576
3328220,8.720695496,8.777515411
2101810,8.843424797,8.654911995
1916099,8.609622002,9.012434959
249076,9.396450996,9.276226044
2550532,8.039359093,8.879778862
602070,8.638435364,8.957438469
1212478,8.706600189,8.730296135
207658,8.922749519,8.722407341
243620,9.194205284,8.712244987
3764092,8.277582169,9.309887886
4001343,8.848191261,9.185815811
3966195,8.514863014,8.896364212
822288,8.469960213,9.057869911
1242012,8.687082291,8.673146248
1293979,9.021486282,8.635645866
2089238,8.331366539,8.681885719
445222,8.52530098,8.965043068
1842340,9.125957489,8.486711502
2011087,8.895666122,8.650527
773761,8.795028687,8.620392799
1214819,8.932795525,8.853182793
591678,8.699159622,9.057242393
137822,8.929603577,8.884735107
1788562,8.863081932,8.667756081
406029,8.012573242,8.845186234
2138361,9.10710144,9.176327705
1658312,8.083860397,8.618052483
635558,9.50880146,8.805256844
544670,8.538056374,8.863199234
780463,8.489443779,8.79781723
1231571,0,8.778116226
2976039,8.849364281,9.088804245
1705093,8.892805099,8.918168068
3953640,9.542876244,8.826416969
92997,8.324666023,8.989574432
2127298,9.131692886,8.607139587
696135,9.49225235,9.152251244
1812775,9.356182098,9.055023193
2335853,8.883644104,8.88657093
2300584,8.967617035,9.155482292
1922925,9.34872818,8.261395454
1590526,9.331548691,9.07753849
2572689,9.180125237,8.849460602
3950223,9.246029854,8.889931679
2537962,8.436599731,8.748800278
884800,8.814651489,8.981072426
1349806,9.855540276,8.473753929
66260,9.148240089,8.740598679
1298677,9.423329353,9.493075371
641613,9.10913372,8.830451965
4931087,9.261170387,8.974490166
2527604,8.307409286,8.77156353
631921,8.178647041,8.502652168
1942260,8.624001503,8.940350533
5013327,9.158478737,9.295174599
4035501,8.262619019,8.713065147
492851,8.530963898,8.909428596
1498578,9.033679962,9.040030479
1222838,8.937588692,8.827121735
5002439,9.428752899,8.945138931
2528730,9.148925781,8.794231415
1189298,8.709189415,8.68108654
1984938,9.510392189,9.382752419
4093510,8.901880264,8.777636528
513289,8.401254654,8.684411049
975069,9.395089149,9.093221664
561074,8.144834518,9.308792114
290394,8.963672638,8.757101059
3797798,9.522439003,9.077330589
3740661,8.368444443,8.967224121
2526521,8.748836517,8.310395241
1712205,8.409042358,8.928323746
3571892,9.350539207,9.014964104
1920725,8.190671921,8.783041954
2127318,8.517095566,8.76654911
2569558,8.98783493,8.630426407
132269,8.034308434,8.586920738
1091003,8.756045341,8.707513809
1201231,9.001120567,8.502640724
2134938,9.036190033,8.512145042
947102,9.490859032,9.396637917
1430099,9.150373459,8.807811737
1249293,8.642357826,8.893419266
1364210,9.341259956,8.79887104
3838546,8.812322617,8.921323776
3590520,8.931790352,9.018048286
907546,8.581176758,8.899784088
936612,9.001396179,8.924162865
1001531,8.293548584,8.780259132
3155999,8.66699028,8.844378471
1269806,8.268830299,8.460821152
1198279,9.283725739,9.270802498
295121,8.397313118,8.867655754
68411,8.952037811,9.065904617
896604,8.263041496,8.83327198
713948,8.831410408,8.623222351
4042118,8.723284721,8.916926384
151724,8.514112473,8.871562004
4112245,8.47177124,8.819976807
1583940,8.844658852,8.561951637
641691,8.813446999,8.530015945
3274925,9.108180046,9.185931206
2535379,7.973952293,8.381094933
30200,8.2371912,8.573729515
100520,9.756188393,8.86915493
3867529,9.371856689,8.680241585
3723929,9.75206852,8.867288589
3773514,8.659718513,8.905031204
2121523,7.475141048,8.565854073
788163,8.339152336,8.95934391
206017,8.547683716,8.992516518
132216,7.953741074,9.243685722
51944,8.98097229,8.993225098
1502581,9.095402718,9.3331213
194722,8.625526428,8.726553917
2477635,9.514073372,8.859550476
32374,8.168261528,9.096463203
3576705,9.127083778,8.457766533
1662934,8.84868145,8.35884285
1098291,8.7078619,8.872475624
1416647,0,8.79395771
2306,8.392400742,8.969622612
495515,8.938790321,8.933117867
1622409,8.673228264,8.621476173
222099,8.872511864,8.68100071
111809,9.162294388,9.139681816
4036293,9.553953171,8.677506447
1245133,8.419032097,8.225461006
1070129,8.811049461,8.885222435
2548406,8.506538391,9.066005707
1553002,8.262049675,9.415223122
130457,9.235219002,9.103326797
371008,8.774067879,8.548194885
1466227,9.241219521,8.963804245
806399,8.884070396,8.936051369
2018671,8.468010902,8.786025047
3846772,8.860854149,9.087900162
2128429,9.52705574,8.604151726
4143028,8.701450348,9.108700752
1073116,8.115896225,8.756737709
1814519,8.557178497,9.101592064
2477748,8.537679672,8.841878891
918076,9.1923666,8.535692215
1239434,9.100588799,8.817753792
1241410,8.516998291,8.727680206
2092507,0,8.498384476
603331,8.702385902,9.434416771
1784285,9.081270218,8.563467026
201924,9.713054657,8.995803833
147308,9.327706337,8.966896057
874169,9.224873543,9.046293259
3006200,9.907977104,8.880354881
334624,8.686753273,8.278558731
503613,9.103818893,9.104528427
4936095,9.273996353,8.910754204
4925629,9.042033195,8.857383728
1638777,8.371460915,8.782975197
542558,8.987465858,8.506917953
1200054,7.91556263,9.032224655
2355391,7.665807724,8.904263496
4129263,9.804559708,8.780901909
3952016,9.188785553,8.736577988
2578827,8.981473923,8.860004425
1303145,9.789252281,9.146388054
408726,8.653652191,8.729355812
5871,7.51338625,8.63896656
956833,9.698748589,8.948679924
9330,8.375700951,8.892208099
470076,8.811942101,8.798555374
3108682,8.471604347,8.556623459
4928169,9.095183372,8.524405479
1251024,9.539093971,8.473563194
3111401,0,8.976442337
1473092,9.304243088,9.300335884
1193656,9.277517319,8.806330681
1720870,8.787415504,9.181376457
991621,9.169898033,8.855036736
324188,8.953159332,8.652099609
1579039,0,8.252947807
3986400,8.632889748,8.802610397
3929656,8.703686714,8.777541161
2016184,8.969837189,8.682327271
2297242,9.237771034,9.170365334
291004,8.385309219,9.062345505
2902661,7.861884594,8.499373436
172708,9.112760544,8.963769913
470334,8.120197296,8.780088425
4055950,8.900852203,9.241970062
3750599,9.142906189,8.792976379
178598,8.649525642,9.004343987
992718,9.219461441,8.84395504
2886253,9.37610054,8.772268295
2610214,9.278372765,8.939541817
3842824,8.710951805,8.840242386
1510845,8.512131691,8.628137589
3956106,8.387245178,9.050308228
1695192,8.490138054,9.203140259
103979,7.601897717,8.281591415
1589349,9.014240265,8.697896957
1574863,8.775233269,8.829052925
877946,8.794513702,9.399270058
1658753,7.518517017,8.424089432
4001602,9.035228729,9.108096123
3921978,9.276459694,9.050393105
1197435,8.946225166,8.896734238
3793880,9.167963982,8.43354702
3589133,8.316144943,8.714865685
278360,8.185504913,8.932907104
2505672,9.518345833,8.757899284
1789894,8.74696064,8.920636177
1814098,8.438690186,8.78827095
2480595,8.751333237,8.992907524
4104013,8.447832108,8.790605545
3518311,8.74443531,8.565457344
2004174,8.262910843,8.300055504
3769444,9.642689705,9.22707653
4122623,9.053949356,9.060111046
1348184,8.135486603,8.708004951
2483643,8.702692032,8.984012604
1087654,9.445687294,8.410914421
3772715,8.549625397,9.584191322
3548378,8.460927963,8.793506622
1465040,8.902490616,8.808442116
863695,8.529530525,8.945054054
905667,8.805774689,9.145308495
4115974,7.666871071,8.803768158
1662690,8.765485764,8.83768177
2497640,9.208452225,8.827842712
4005953,9.242370605,9.257409096
213538,8.991803169,9.051829338
3895520,9.099965096,8.820193291
1457777,9.684932709,9.224802971
1719790,8.77879715,9.258987427
1451549,8.326364517,9.591765404
1666630,8.724853516,9.196913719
2506878,8.617730141,8.978768349
48090,8.747234344,8.93128109
3270816,8.548583031,8.783399582
1315542,9.476625443,8.670713425
1787370,8.930603027,8.346066475
864785,7.948361397,8.408823967
2552360,9.300683022,9.04241848
862972,9.555776596,9.396518707
1025069,9.42533493,8.88739109
4023205,7.926475525,8.781973839
272348,8.995301247,9.248153687
1673079,8.973843575,8.711130142
472942,8.949621201,8.99848175
2327007,9.096370697,8.394161224
86234,8.81970787,8.692658424
4036126,9.353959084,9.223006248
674281,9.062102318,8.95238781
2499604,9.203509331,9.118959427
244987,8.844502449,8.887036324
3781994,8.948263168,8.689270973
901292,9.402264595,9.192063332
2024892,8.485201836,8.471405029
3912362,8.88104248,9.293697357
1688926,9.13130188,8.996293068
2517318,8.717804909,9.245842934
464544,8.990670204,8.558190346
106913,8.761516571,8.784162521
2588420,8.572299957,8.977261543
3841248,8.637426376,8.578383446
535866,8.210885048,9.225696564
3050655,8.091175079,9.009526253
1219937,8.879534721,9.485888481
2614640,9.211392403,9.037041664
4088951,8.073070526,8.924154282
1633995,9.950130463,9.055736542
1327664,8.751570702,9.064770699
103913,8.780175209,8.438671112
169594,9.119531631,8.951158524
1002162,9.352567673,8.839809418
2133967,9.008928299,8.812162399
3879083,9.455733299,8.987936974
228542,8.661854744,8.629680634
2633999,8.903287888,8.78198719
2709675,8.747457504,8.591842651
150782,9.88457489,9.182487488
2168785,9.013299942,8.964107513
1326544,8.845820427,9.239729881
4510017,9.470785141,8.844031334
1771787,8.801906586,9.108000755
2744672,8.223762512,9.042438507
4971175,9.285329819,8.751144409
2193896,9.634096146,9.241472244
2556505,9.03509903,8.678627968
2533555,0,9.041857719
1570855,8.867897034,8.866825104
668184,9.060785294,8.621329308
447631,8.746705055,8.372924805
663794,8.248351097,8.388228416
337327,9.422800064,8.954562187
2591763,8.749241829,8.866074562
4140118,8.886791229,8.711325645
593176,9.05651474,9.40964222
1743829,8.532841682,8.62223053
3809728,8.53967762,8.773395538
2043657,8.129563332,8.79321003
1684976,9.247855186,8.909274101
940518,8.399600029,9.467926979
2609344,8.739813805,9.039714813
3128706,7.745522022,8.788743019
313854,8.355464935,8.617874146
253811,8.66924572,8.694124222
3355241,9.454732895,8.934700966
929150,8.557938576,9.101530075
298430,8.086168289,8.864667892
995826,0,9.335178375
870582,8.95117569,8.773025513
2058799,9.205249786,8.997466087
2110228,8.082987785,8.528133392
3744633,8.511716843,8.729538918
2011971,9.383916855,8.780046463
1639626,9.37402916,8.973150253
1205841,9.797702789,8.30330658
3285749,9.357826233,9.042694092
1446978,8.902798653,9.159433365
245192,9.346844673,9.235555649
315981,8.799146652,8.885838509
530434,9.007141113,9.433109283
3536655,8.221124649,8.699773788
337523,9.20270443,8.597411156
17732,8.562520027,8.869481087
562275,8.978164673,8.727222443
3842883,7.896698952,8.672314644
1274789,9.294916153,8.734344482
3737973,9.76377964,9.178182602
4090353,8.489657402,8.479447365
3968204,8.706699371,9.085816383
808252,7.545924664,9.021927834
1349072,9.225754738,8.947232246
878066,8.726861,9.061142921
1596283,9.220303535,8.765735626
2855790,9.514556885,8.501635551
1222002,9.594623566,8.818683624
2114286,9.105633736,8.611293793
696538,9.239555359,8.654871941
1490519,8.906569481,8.463017464
3194681,9.571453094,8.786616325
1342320,9.720233917,9.091340065
271311,8.63717556,8.846403122
1808731,9.11272049,8.986138344
168708,9.323151588,9.072310448
710131,9.370329857,9.120783806
2260747,8.502648354,8.790653229
3133847,9.339390755,9.142799377
1805225,9.345377922,9.407478333
2525957,8.936467171,9.002408981
1209823,9.102965355,9.18314743
1512248,9.105008125,8.562888145
4269777,8.785694122,8.670649529
981815,8.88011837,9.250440598
905849,9.546183586,8.882979393
396738,8.473104477,9.014651299
3434538,9.167063713,8.80021286
91514,9.473790169,9.051737785
2032040,8.374495506,8.811281204
4324811,9.489469528,8.870001793
1791138,9.160903931,8.823509216
1089624,8.798205376,8.699982643
612585,9.06116581,8.845853806
291065,8.799775124,9.01359272
1441903,9.097454071,8.956125259
2476138,9.210069656,8.839803696
404979,8.77910614,9.263845444
2377219,8.624898911,9.231128693
860454,9.627475739,8.955403328
1231197,8.82537365,8.741153717
3768891,9.079915047,8.482549667
800329,8.983222961,9.541752815
3777392,9.266499519,8.99749279
352330,9.740288734,8.758555412
3260312,9.18791008,9.003915787
3828647,9.592300415,9.116854668
3076365,8.681082726,8.809728622
876885,9.284644127,8.732102394
3788761,8.940901756,8.790686607
943557,9.143315315,8.908379555
283273,8.695711136,9.021515846
1607027,8.257698059,8.870310783
4972849,8.990986824,8.952645302
798008,9.184894562,9.476600647
585193,7.463732243,8.293907166
4895984,9.731412888,9.54679203
2137600,9.130345345,9.227421761
2564096,9.332499504,9.263780594
163829,9.236436844,8.644127846
164163,9.622624397,7.744998455
1644132,9.699977875,9.155245781
1254012,8.782156944,8.943638802
2446148,8.863150597,8.913714409
2523386,8.637993813,8.954598427
242232,8.740203857,8.668781281
281990,8.688528061,8.772871971
3937393,9.318255424,8.918419838
3762536,9.115181923,8.586342812
3878439,8.708159447,8.697174072
1858484,8.063029289,8.842123985
88587,7.78024435,8.824443817
1451076,9.606785774,9.140620232
223763,10.15595913,9.085310936
621482,9.329099655,9.217477798
596803,9.269721031,9.209163666
3741421,7.818167686,8.333674431
732554,8.493901253,8.45972538
3975182,9.444821358,9.058421135
3742911,9.770870209,9.0992136
4100029,8.190238953,8.629624367
2636798,8.569705009,8.656086922
3766564,9.349478722,8.89613533
25070,8.712299347,8.971541405
890696,9.002757072,8.888238907
1677433,8.133840561,9.051628113
4282867,8.634644508,8.811749458
2107076,9.452489853,8.945444107
1304411,8.144900322,8.873511314
187789,8.718855858,8.555610657
1633423,8.479362488,9.00918293
1555402,8.771609306,8.531820297
3646705,8.450795174,8.569736481
992793,8.856071472,8.770179749
2563298,8.923555374,9.050055504
2363625,9.660001755,9.216209412
883322,8.477647781,8.901888847
723885,9.259976387,9.066415787
3780774,9.362576485,8.900062561
640336,8.632918358,9.034386635
3798757,8.421238899,8.74388504
2483363,8.989972115,8.332966805
2200878,9.626462936,8.973358154
637219,0,7.918753147
3767503,7.956648827,8.761730194
555185,8.540646553,8.547236443
2696499,8.016374588,9.292448997
4407435,9.818013191,9.035169601
383248,9.691063881,9.174109459
3730636,9.636638641,8.634815216
4110807,8.838811874,8.895557404
1027921,7.659969807,8.856183052
680911,9.708696365,8.770485878
3796954,8.701231003,8.793112755
1329214,9.068013191,8.976364136
4913450,8.250636101,8.973680496
4909874,8.276675224,8.748590469
1607217,8.756221771,8.443697929
2531595,8.566205978,8.791800499
3052064,9.034207344,9.50058651
2160882,9.46782589,9.131728172
2449644,9.507343292,8.863553047
1236037,8.846360207,8.563851357
139265,8.380571365,8.489530563
1492047,9.116113663,8.80928421
3054780,9.677155495,9.283267021
3864993,8.568339348,8.291646004
3485941,9.015076637,8.599712372
3950826,8.424311638,9.224674225
1686935,9.465818405,8.27056694
56217,9.098540306,9.125666618
4024683,9.550466537,9.315946579
3741689,10.06433964,8.782779694
252649,7.883638859,8.644102097
2526401,9.967555046,8.958257675
4370,8.778838158,8.883419991
2443925,8.992623329,9.251304626
626732,9.045880318,8.835065842
4885403,9.476950645,9.102323532
3766407,8.906167984,8.72895813
3874583,8.93067646,8.815540314
3725556,9.12909317,8.961630821
1720117,8.256694794,8.699583054
320427,9.479081154,8.62874794
4943035,9.277527809,8.829018593
915074,9.049606323,8.856524467
1678595,8.689517021,8.738196373
3885764,8.964242935,8.203855515
4074742,8.866650581,8.960510254
1333444,8.788738251,8.78262043
587178,8.941516876,9.095883369
662618,8.057110786,8.770214081
509026,8.400548935,8.615221977
298167,9.060819626,8.679605484
1245598,8.88427639,8.81009388
1348053,8.154882431,8.72795105
3843710,8.211457253,8.981762886
3864763,8.893089294,8.757736206
1339098,8.367292404,9.094917297
1795846,8.058097839,9.068771362
992117,9.375675201,8.8558321
3125774,8.507339478,8.980828285
1627766,8.71903038,8.547264099
204838,9.049591064,8.85773468
1279770,9.237882614,8.721465111
1841887,8.615385056,8.846668243
531546,9.407702446,8.880888939
4033354,9.31153965,9.19011879
374406,8.465155602,9.133758545
3706602,9.134296417,8.439510345
2479332,8.855983734,8.598820686
3824821,8.656835556,8.649474144
3104323,8.969855309,8.8546381
2750358,8.952337265,8.235032082
990689,9.162914276,8.74437809
2017460,0,8.569716454
1996278,8.997151375,8.904778481
569170,8.269313812,8.808418274
1899748,8.389136314,8.083615303
226283,9.203390121,8.575975418
1211414,8.800120354,8.583175659
30691,8.803869247,8.639821053
2483775,8.660153389,9.085149765
404473,8.828544617,8.94162178
805479,9.523107529,8.977550507
1291892,8.252515793,8.327549934
219445,9.195537567,8.801145554
3192744,8.650898933,9.453706741
895364,8.879487991,8.587314606
1584703,0,8.891594887
366519,9.151579857,9.109104156
664026,8.586228371,8.750299454
4883580,9.100018501,8.683242798
1411151,9.043748856,8.764801979
1275231,9.110771179,8.934224129
2828033,8.683081627,8.870729446
1855298,9.248604774,9.421087265
2918964,9.284996033,8.822524071
1653654,8.263698578,8.658110619
289693,8.514050484,9.150455475
2610686,9.989886284,8.904107094
144562,8.812469482,9.032136917
2069265,8.532194138,8.564248085
3139101,8.65328598,8.5057621
1088541,8.860929489,9.087017059
1896543,8.338567734,8.932671547
3040117,8.952374458,8.631322861
1150884,8.672060013,9.024292946
3748836,9.058721542,8.713921547
777775,8.716794968,8.930506706
212428,9.490228653,8.468138695
979378,8.696881294,8.818589211
4005967,8.811733246,8.698376656
203782,9.01893425,8.946846008
326671,9.167865753,8.733634949
3505405,8.446626663,8.532559395
890958,8.783687592,8.774332047
4016163,9.087614059,8.947631836
752104,9.152451515,8.907776833
1708411,8.828337669,8.923624992
531714,8.925315857,9.143146515
493791,8.926361084,8.563033104
332878,8.652252197,8.833146095
4044403,0,9.392565727
1083965,9.847511292,8.905447006
633427,9.320778847,8.820545197
214039,8.993109703,8.667944908
904047,9.095299721,8.694522858
331775,8.501329422,8.27944088
100286,0,8.633254051
222286,8.922554016,8.825118065
516082,8.546739578,8.644173622
2151949,8.371917725,8.648193359
632548,8.729635239,8.794282913
2363386,8.748166084,8.966165543
3147102,9.066255569,8.889655113
279962,8.620591164,8.733002663
969146,8.294407845,8.75074482
1441632,9.18434906,8.879981041
1521164,8.878511429,8.919063568
1658826,9.222275734,9.254157066
864221,9.729234695,8.985699654
1173101,8.868552208,8.44379425
4571920,8.657028198,8.93502903
1510810,9.43050766,9.184039116
4071805,9.26712513,8.872605324
3951075,8.730066299,8.883987427
1154064,0,8.95071888
4144403,8.92448616,8.906133652
3773579,8.902069092,9.194077492
37929,9.075332642,8.720125198
3891950,9.018531799,8.969577789
1996089,9.016527176,8.763833046
1089406,8.726409912,8.910110474
282552,8.67107296,8.904241562
3160000,9.315855026,8.974336624
1661168,9.05587101,8.827940941
250750,8.838562012,8.933886528
1187800,8.813437462,9.23856163
960290,8.520172119,9.121250153
866702,9.01888752,8.673604012
3779899,8.531692505,8.882844925
1515370,0,9.125370026
1057980,9.172365189,9.216110229
1601968,9.258825302,8.590466499
1681958,8.851553917,8.859541893
955685,9.11080265,8.733149529
1538065,8.266074181,9.025084496
3918474,8.778286934,8.952608109
1723904,0,8.567829132
107687,8.590818405,8.835562706
1525770,8.428183556,9.044834137
2127085,9.254741669,8.857979774
3812540,8.767677307,9.379389763
926110,9.003211975,9.231278419
699357,9.419210434,9.341373444
3797288,9.215791702,8.502660751
3148867,9.254369736,9.484675407
2529492,0,8.373462677
3971980,8.372625351,8.642305374
198665,9.537921906,8.573263168
3710283,8.472081184,8.780893326
3134469,7.931866646,8.671139717
330519,8.775716782,8.807189941
52766,8.877346992,8.778347969
3965959,8.137850761,8.946660995
3450446,8.340036392,8.664632797
3800671,8.872567177,8.63866806
775182,9.070510864,8.932555199
729042,8.814898491,8.975276947
3742361,7.609550953,8.62583828
3737743,9.403697968,9.283374786
3084631,8.45647049,8.62866497
283318,9.2401371,9.140452385
3818717,8.893908501,9.096745491
2046962,8.562337875,8.513798714
1572941,9.279838562,8.752728462
3456581,9.15097332,9.276232719
2552256,9.671051025,9.057328224
389434,7.949752808,8.850824356
3047690,9.148194313,8.662117958
676546,9.237819672,9.128007889
2026377,9.518406868,8.859032631
863901,8.612568855,8.722563744
1588071,9.137453079,8.832082748
1093653,8.844496727,8.64259243
3822396,9.576847076,8.94662571
3939994,9.137638092,8.759548187
1487261,8.744330406,9.083438873
3165632,8.713502884,8.5744524
4112150,9.055810928,8.853451729
958481,9.468024254,8.931024551
3063641,8.191368103,8.862883568
617993,7.944830894,8.857302666
4922144,8.936151505,9.041232109
2449604,8.783432961,8.823737144
37210,8.955490112,8.880093575
1696497,0,8.678992271
3061805,8.897584915,8.829359055
3967601,9.092053413,8.938860893
67243,9.213184357,9.460612297
3255132,8.830506325,9.148106575
1309414,9.049512863,9.180576324
3941256,7.840464592,8.504479408
517770,8.981649399,8.198365211
1694812,9.181759834,9.086239815
1598349,8.907144547,8.798108101
179963,9.194832802,8.751137733
1756971,9.280948639,9.193836212
1346593,8.909715652,8.800477028
672906,9.310979843,9.111898422
401955,8.793426514,8.689676285
2992448,8.767741203,9.192612648
212178,8.668496132,8.972483635
1981197,9.339054108,8.9066782
1206327,9.041683197,9.177473068
496528,7.926596165,8.603736877
3140394,9.376049042,8.69230175
4014818,8.998847008,8.703950882
1524046,8.194721222,8.679597855
1387114,8.992592812,8.720705986
3735404,9.035599709,9.627779007
1045366,9.693156242,9.306869507
2095994,9.273103714,8.532496452
3126330,7.808944702,8.801483154
3951252,9.065574646,8.857636452
1700294,8.961619377,8.56993103
4068579,8.624214172,9.132170677
3905131,8.240740776,9.430679321
58172,9.085348129,8.87622261
2928764,8.600852013,8.982698441
635275,9.06772995,8.87780571
297468,9.279698372,9.164262772
4144712,8.710202217,9.084897995
3890125,8.554473877,8.581145287
114502,8.99133873,9.02223587
208238,9.941976547,8.974190712
524585,9.604395866,9.070175171
269952,9.265211105,8.310624123
3248474,8.861735344,9.116258621
3435278,8.879201889,8.75909996
1752313,9.014093399,8.505326271
3806567,8.541377068,9.137160301
2491991,9.180703163,8.856657982
301300,7.7869277,8.959554672
3769526,7.488546371,9.400985718
2303981,9.534065247,8.629825592
424604,9.042918205,8.690771103
940405,8.616049767,8.791349411
828114,9.633215904,9.37493515
3117378,9.275854111,8.459261894
3617110,9.750322342,9.22030735
3144898,9.497681618,9.15383625
2612308,8.501758575,8.772597313
1271475,8.905036926,8.762264252
203900,8.925680161,9.000118256
761653,9.172167778,8.639027596
584709,8.465844154,9.194756508
3855391,8.660246849,8.517810822
2609473,8.139145851,8.878022194
4480796,9.311850548,9.152449608
1480337,7.955807686,9.131064415
1541740,9.567227364,8.945175171
22275,8.289089203,9.036151886
1286965,8.527217865,8.810424805
408706,8.938216209,8.710074425
1084972,8.534249306,8.86299324
1177097,9.242678642,9.135362625
3791889,9.459451675,9.093980789
1461511,8.547603607,8.627472878
1591074,9.639645576,9.01714325
3764017,8.874996185,8.57858181
4992219,9.247850418,8.537020683
2101883,8.369476318,8.381702423
3662986,8.11682415,9.040006638
1058597,9.73115921,8.459152222
845923,8.558706284,9.071171761
3402076,8.51241684,9.029700279
2954263,9.624715805,9.332201004
921970,9.092985153,8.833035469
3106021,9.258174896,8.51351738
4041922,9.083032608,8.604701996
1106051,9.312507629,9.18374157
1105414,9.179356575,8.845299721
374602,8.592681885,8.71387291
3873847,8.797336578,9.08386898
311327,8.105945587,8.670181274
2548062,8.739473343,8.893799782
4086748,8.972194672,8.956547737
4987490,9.929008484,8.903653145
101690,8.387347221,8.656137466
4000558,7.90886879,8.825224876
1837152,8.427241325,8.016076088
3031028,8.374101639,8.657085419
658465,10.00081158,8.582639694
3158883,8.366413116,8.873187065
977684,8.072099686,8.900618553
1600532,9.252667427,8.970064163
2491276,8.727747917,8.871483803
1355301,9.109193802,8.815437317
4056732,8.772917747,9.133235931
3706717,9.315635681,9.836086273
9746,8.722074509,8.433734894
1573900,9.077719688,8.849417686
465148,9.178756714,8.878505707
4101703,8.924549103,8.774075508
4004892,9.26943779,8.792794228
304705,8.470943451,8.601055145
3771913,9.512577057,8.542621613
1566553,9.343177795,8.946006775
3069028,8.560911179,8.72191143
4013234,9.63902092,9.273070335
3815841,9.220025063,8.707170486
3751503,9.089829445,9.227275848
412529,8.987539291,8.624943733
1491652,9.059808731,8.898945808
3844988,8.301624298,8.98643589
522129,7.657617569,9.118951797
388990,8.670147896,9.2924366
2532534,9.542668343,8.902692795
3903121,8.420722961,8.720079422
74740,9.557188988,9.385677338
1985430,9.416808128,8.98692894
3964119,8.22084713,9.052140236
1050493,8.886593819,8.895656586
3839095,9.2202034,8.722652435
3237520,9.045872688,8.911772728
1229520,9.097986221,9.157396317
476087,9.451145172,9.152685165
650512,9.046337128,8.682859421
63081,8.417657852,8.766552925
3451699,8.321552277,9.176728249
491091,8.691273689,9.032643318
5010222,8.616157532,9.083752632
4930832,7.862257957,8.819114685
4027565,8.747080803,7.937984943
3896264,8.841981888,8.935549736
2160835,7.57342577,9.195649147
1963688,8.369012833,9.222737312
1337502,8.380203247,9.062494278
1654525,8.939630508,8.469922066
1310034,9.331816673,8.849789619
3889100,10.08181,9.127340317
72837,8.515680313,8.946700096
1712673,8.607118607,8.708456039
740293,8.972807884,8.474793434
36457,8.952997208,9.370144844
233,8.921718597,8.641583443
1730578,8.113484383,8.780603409
942955,8.810235023,9.126921654
1219689,8.519612312,8.610790253
1573506,8.737109184,8.717063904
2518857,8.089467049,8.422294617
191564,8.88141346,8.709329605
3115708,9.022266388,8.861003876
1709801,8.956974983,8.876538277
4025002,8.678655624,8.699300766
3205911,8.568889618,9.040849686
34544,8.338937759,8.999524117
1700357,9.10815239,9.103388786
2591603,8.566601753,8.646554947
3039034,8.825649261,9.13090992
3882240,9.413181305,8.551048279
3818589,9.168224335,8.554460526
2063761,8.417224884,8.581915855
1983721,9.142727852,9.066354752
981643,9.578791618,8.77081871
470950,9.16637516,8.692414284
2511760,8.961984634,8.577884674
542071,8.354930878,8.924160957
746812,8.834265709,8.805319786
258746,8.488268852,8.942742348
652951,8.793948174,9.151165009
1143478,9.529732704,8.887618065
1047897,9.149855614,8.670038223
4978938,9.042713165,8.832871437
503539,8.931313515,8.777500153
1349091,8.851002693,8.761036873
4984787,9.066170692,9.084990501
2484122,8.412169456,8.877791405
1141012,9.320245743,8.750509262
1186404,8.272026062,9.227600098
653478,9.521445274,8.686017036
3993224,8.251461983,8.637286186
3041929,9.490190506,8.890050888
3849032,9.188038826,8.653084755
1037979,8.639918327,8.817037582
632653,9.210739136,8.869501114
760096,8.557818413,9.112732887
2020749,10.03305054,8.901533127
522501,9.150642395,8.80810833
452739,9.850152969,9.486488342
1294799,8.710803032,8.592646599
227990,8.945178032,8.996442795
4739441,8.858020782,8.638347626
61001,9.594083786,9.185575485
2520885,8.972109795,8.768208504
223278,9.505771637,8.862171173
3162653,8.055062294,8.731855392
1617072,7.59989357,8.796916962
3984466,8.00050354,8.653305054
1327,8.779701233,8.868185043
3173276,8.599547386,8.595192909
980759,8.906625748,8.802705765
2126011,9.05358696,9.16541481
357085,9.825173378,9.015127182
397724,9.276636124,9.453801155
4014181,8.760079384,8.943580627
1637267,8.907679558,8.65004921
4938345,8.635551453,8.966064453
140509,9.728346825,8.951038361
4095852,8.100547791,9.026612282
1667352,9.214625359,8.749089241
2108440,9.341685295,8.739104271
3744937,8.603990555,8.426967621
3668443,8.700948715,8.875878334
1694699,8.697027206,8.893106461
2404708,9.506267548,9.22572422
886990,9.252356529,8.668094635
1454484,8.656685829,8.847113609
1298399,9.027231216,8.753560066
1906567,9.349113464,8.845115662
2032101,9.037927628,8.766327858
198523,8.873213768,8.809232712
2514997,8.685444832,8.81828022
3942983,8.410629272,8.960147858
804819,9.175426483,8.631326675
4100152,8.901794434,9.22724247
1243042,8.740493774,8.785806656
596790,0,9.052204132
2068793,8.703629494,8.378703117
905587,9.136756897,9.049356461
3049459,8.171762466,8.984034538
1777949,8.975199699,8.656647682
3847961,8.802875519,8.707957268
3900618,8.669709206,8.885505676
592810,9.260207176,8.75242424
3070271,8.683431625,8.997696877
696910,9.552751541,8.992938042
14706,9.222225189,9.221082687
381972,8.626022339,9.11581707
1809455,8.853182793,9.089230537
3924315,8.873991966,8.649505615
1692560,8.666081429,9.015336037
625766,9.006362915,9.084590912
1441658,8.61932373,8.836746216
1627470,9.095106125,8.977885246
2069653,8.976335526,8.728292465
3214276,9.052030563,8.951796532
5000591,9.36515522,9.218705177
4019869,9.792074203,8.810777664
3720533,9.801308632,9.176239014
3580338,9.326246262,8.718323708
1665205,8.186737061,8.899427414
3875687,8.521077156,8.995420456
4929339,8.764151573,9.194232941
2359303,8.296334267,8.681282997
3277287,9.474906921,9.700606346
2137903,8.739533424,8.552775383
226040,8.406705856,9.068950653
1088473,8.02583313,8.752655029
5006781,8.843533516,8.416629791
310383,8.828849792,8.6989851
3152743,8.766462326,8.684058189
1561979,9.537023544,8.988358498
3066833,8.493954659,8.692505836
3723794,9.040644646,9.244340897
3513870,8.763928413,8.78490448
2702902,9.467759132,8.75952816
2093705,9.088512421,8.756418228
4090056,8.842697144,8.67928791
611190,9.787843704,8.571060181
215913,9.462030411,9.134074211
309552,8.756684303,8.674771309
2079143,8.487573624,8.67489624
133895,8.668933868,8.723052979
3961907,9.282447815,8.546391487
1755907,9.191501617,8.727707863
3234140,9.019052505,8.798267365
1949272,9.18221283,9.038314819
3084464,8.773347855,8.579180717
334953,10.3092823,9.033045769
3068404,9.255443573,9.496847153
3274556,8.049087524,9.165519714
981793,8.760293961,8.934763908
1051287,9.960604668,9.081809044
1815395,9.476428032,9.036702156
585771,8.985862732,8.767181396
444245,8.350797653,8.309853554
3794970,8.962805748,8.754005432
978266,8.90606308,8.772395134
221006,8.243161201,8.86037159
2558027,8.59145546,8.767648697
2038896,9.073159218,8.663891792
3985033,8.310884476,8.67165184
2485486,8.596030235,8.587053299
1896168,9.655504227,8.778292656
2524321,9.142118454,8.741400719
3397090,8.092557907,9.129575729
2584733,9.088824272,9.022294998
308670,8.663935661,8.830836296
1999608,8.798055649,8.533214569
3820437,8.651806831,8.720331192
3784459,8.600325584,9.11997509
816480,8.451992989,8.810500145
1694749,9.72118187,8.766785622
895652,9.229460716,8.917089462
733842,9.042844772,9.311605453
4860650,9.02603054,8.742105484
2605085,9.670826912,8.779705048
3883051,9.324249268,8.801533699
1713109,8.299578667,8.642920494
586347,9.527605057,9.02947998
2026951,8.584914207,8.507879257
1348355,8.642047882,8.832896233
4952154,8.833955765,8.883478165
1378415,8.593444824,8.814692497
1681375,8.455586433,8.148762703
3909370,7.892515659,8.912942886
1098594,8.968688965,8.54977417
3954710,9.265370369,8.966399193
1643248,9.244080544,8.702988625
2590841,8.538466454,8.900491714
4071510,7.698440552,9.252195358
4992836,9.523346901,8.546967506
3135035,7.203713894,8.844079971
1224717,9.356600761,8.929373741
1536793,8.31312561,8.95419693
673269,9.056145668,8.831350327
1704337,8.974923134,8.295148849
556428,8.18066597,8.844338417
3924342,8.934095383,8.348421097
4114672,10.01429462,8.317540169
2011154,8.983969688,8.796316147
1739837,8.263751984,8.662973404
4886408,9.111628532,8.797245026
666820,8.719652176,8.723353386
4019824,8.917388916,8.832671165
2529122,9.196043968,8.965802193
2084710,9.576780319,8.661875725
4671,8.090782166,8.57345295
303144,8.892508507,8.360466003
1445907,8.828860283,9.003092766
2377638,9.015547752,9.151404381
4992669,9.3919487,8.762571335
959768,8.587430954,8.906779289
1985971,8.651187897,9.015041351
1465353,8.801897049,8.722306252
1224626,7.958594322,8.99109745
938458,9.175029755,8.939246178
2940214,7.64746809,8.846523285
129550,7.952434063,9.022263527
2561922,8.298254967,8.691176414
3088508,9.563556671,8.615237236
980082,8.289195061,8.728987694
3862314,8.744501114,9.346544266
4116418,7.926820278,8.682177544
1227787,9.02286911,8.941462517
1277127,9.280694008,8.85248661
820129,9.309070587,9.338166237
628281,8.797400475,8.399772644
2547903,9.312124252,8.899777412
1300819,8.125204086,8.845862389
32817,9.073710442,9.081624985
1683640,8.78322506,9.120362282
859318,9.003750801,8.934012413
3146258,8.233210564,8.957213402
992186,8.859859467,8.687883377
398673,9.327572823,9.069835663
2512407,9.092873573,9.489706039
1627525,9.516646385,8.799063683
122080,8.654969215,9.429327011
2877405,8.350772858,8.336138725
3847053,8.536944389,8.313664436
1586869,9.661329269,8.899692535
3906383,8.862215996,8.715201378
1995820,8.514318466,8.460543633
2007542,9.124542236,8.475622177
763319,9.197455406,8.557087898
4981469,8.03475666,8.899568558
4952779,8.795686722,7.572629929
278811,9.734992027,8.853445053
1455719,8.708205223,9.179657936
3173621,8.740665436,8.544308662
4063470,9.606741905,9.50864315
129563,8.645910263,8.912305832
475258,9.400173187,8.769983292
913816,8.607509613,8.794013977
1242711,8.912677765,9.309790611
3510217,9.190999031,8.62284565
1870422,9.234149933,8.855559349
262185,8.015117645,8.782369614
1909556,8.773479462,8.593232155
4109393,8.758210182,9.019292831
155630,8.554470062,8.886599541
3755137,9.048317909,8.919850349
702715,9.666481972,8.711175919
1882220,8.474324226,8.898156166
284751,9.156166077,8.264307022
3063573,9.318200111,9.463677406
2094170,8.274616241,8.756764412
2600609,8.792581558,8.985284805
3579762,9.175049782,9.41440773
2218382,8.190289497,9.071176529
386550,8.616080284,9.158734322
1102429,9.31632328,8.771317482
3782606,9.268701553,8.802787781
1724998,9.766246796,8.868168831
1249448,9.279259682,8.843060493
4092511,8.824578285,9.054258347
4006156,9.375988007,8.902222633
113139,9.314236641,8.83174324
1698228,8.796096802,8.721496582
3310216,9.678897858,9.072595596
1698638,8.440818787,9.470362663
476714,8.704939842,8.83113575
519456,8.637339592,8.773767471
3884694,9.01352787,8.595088959
3950342,9.207722664,8.668514252
2482296,8.980604172,8.941971779
534377,9.016457558,8.975547791
3848486,8.942572594,8.783919334
1700845,9.077321053,8.859199524
851644,8.901988029,9.021992683
2715816,8.771138191,8.773138046
972894,9.983705521,8.774949074
1728219,8.462823868,8.882763863
912477,8.846364975,9.160924911
3993724,9.089868546,9.016996384
2050256,8.102501869,8.615485191
2067169,9.189480782,8.767203331
3167153,8.724415779,8.999351501
4006453,8.887773514,8.965586662
43590,8.960101128,8.791078568
2828068,9.897044182,8.963959694
1572145,8.817774773,8.692749977
1483073,8.559569359,8.632884026
893372,9.009960175,8.811038971
1624833,8.874829292,9.12458992
3174863,0,9.105078697
675107,9.030234337,8.274431229
1216470,7.929028034,8.556798935
811347,8.653271675,8.844163895
1824124,8.798760414,8.895323753
3097526,8.797359467,8.707680702
1284837,8.503046036,8.905438423
2190121,9.773757935,9.104195595
1506004,9.133740425,8.42534256
1814856,8.558785439,9.043398857