ID,z_ground_truth,z_prediction,z_error_prediction
2364757,1.112400055,1.212386012,0.103741512
1149321,2.262399912,2.314912081,0.599149347
637219,2.649199963,1.708985567,0.930418
3451699,0.5449,1.512264967,0.498060069
3185554,2.574199915,1.859972239,0.903784324
3723929,2.317800045,1.469803929,0.71632819
3899492,1.844400048,1.753252745,0.093095647
2485015,1.26030004,1.339651704,0.134546773
674281,1.287299991,1.218030214,0.112357289
1666630,0.42019999,0.471727371,0.272912639
3951252,1.652799964,1.718291998,0.145105908
860454,2.09010005,2.07081461,0.088647907
3964119,0.279000014,0.779858351,0.724023752
1795846,0.60769999,0.817662895,0.463788317
2034232,1.051499963,1.309001207,0.392198426
452739,2.629100084,1.299726367,0.635711411
1785598,0.715900004,1.699424982,0.764762704
3769526,0.215399995,1.57728529,0.407314172
404979,3.392299891,3.328648806,0.253620809
1694865,2.881200075,2.587586164,0.3006127
3050655,0.808700025,1.379863381,0.421204193
3744937,2.437000036,2.046867132,0.562530888
412290,0.880699992,1.275354743,0.530413193
1963616,1.86590004,1.883947968,0.060484136
3612178,1.378499985,1.284743071,0.142390513
1150884,1.077700019,0.951615393,0.12684574
65793,1.996799946,1.916521788,0.316571746
3104323,1.037500024,1.112834692,0.125138928
1596652,1.972599983,1.768388271,0.127007399
1348929,1.41170001,1.83297646,0.226290696
388990,0.89200002,1.409232855,0.669123115
491091,1.408599973,1.336185813,0.090094868
1249293,1.918200016,1.839473605,0.090423924
4139797,1.667700052,1.594467163,0.073612469
1598349,2.446000099,2.304172039,0.528209992
1694699,1.221099973,1.21404922,0.101738754
106913,1.026900053,1.070236921,0.108984625
1995820,1.692899942,1.562835217,0.103262141
1618930,1.110900044,1.09090817,0.084046114
92997,1.827100039,1.708480716,0.082527248
413924,1.811100006,1.560825944,0.128313602
3773929,1.120000005,1.188541293,0.106560155
2491991,1.682000041,1.728348374,0.22071851
2110228,0.743200004,1.952098608,0.431373082
203900,1.8125,1.682314992,0.085773279
1882220,2.153199911,1.699654341,0.702180185
271835,1.014099956,1.152240634,0.102755903
637438,0.928300023,1.014895201,0.406100319
1776429,1.932199955,1.407955289,0.687453875
223763,2.797899961,2.134181738,0.549815962
57676,1.548900008,1.118282199,0.300365818
1657327,1.399600029,1.202738881,0.089468863
472508,1.891000032,1.616944313,0.25041202
1303766,1.674800038,1.688238978,0.10352423
3405573,2.054699898,1.814242125,0.398218693
3848109,0.920700014,1.347233057,0.532521913
2094170,0.968500018,0.947608531,0.170651535
2485486,0.710699975,1.477008939,0.643624934
981643,1.948300004,1.879758,0.248488364
2032495,2.29640007,2.426331043,0.229184842
926110,1.559900045,1.608331323,0.136683269
696538,2.133100033,1.067618251,0.557636241
1627766,0.922500014,0.840090692,0.370733709
3140841,2.486500025,2.091319799,1.578252353
1187107,0.756799996,1.642167091,0.393581115
49159,1.822700024,1.714231849,0.088423991
2828033,1.443500042,1.497832894,0.090682155
1037979,1.654800057,1.661143064,0.131243526
995826,1.32949996,2.85552001,1.802410985
2828068,1.386600018,1.177699804,0.12208176
3824821,1.522300005,1.513383985,0.098263635
2275232,1.412299991,1.280552268,0.129277288
2052894,1.129899979,1.129286051,0.099912966
556264,1.629500031,1.580432892,0.113365454
2038896,2.180000067,1.763314843,0.646685658
4071505,1.292299986,1.041618586,0.259918827
2160835,0.389499992,1.568436027,0.645133021
1364210,1.658499956,1.739709973,0.118790793
1812775,1.252200007,1.313614845,0.249045592
2449604,0.927600026,0.804818034,0.122751237
2303981,2.802299976,2.490295172,0.547098278
888714,1.934999943,1.769034863,0.11456774
674317,1.286399961,1.290934801,0.121754838
3783736,1.720600009,1.790333748,0.092571179
1617072,2.029999971,1.688135624,0.758120445
2016184,1.454300046,1.412139535,0.130071782
1260454,2.112499952,1.624885082,0.58981687
2051310,2.129300117,2.048583269,0.181312603
1348053,2.128599882,2.073683262,0.083837697
3720533,2.971999884,2.081771135,0.745285515
100520,2.118900061,1.300066233,0.636319767
531714,1.81309998,1.71828413,0.092165198
2707388,0.426099986,1.235135078,0.717738809
1327664,0.680199981,0.621690989,0.323450108
334953,2.641200066,1.429608583,0.866327358
63511,0.758599997,1.380211234,0.482712461
97938,1.208400011,1.340048909,0.124994486
22275,1.181399941,1.284162641,0.24719704
4014181,1.59829998,1.630187869,0.090946069
3084631,1.290599942,1.196602106,0.106481655
1451076,1.886100054,1.831102371,0.073011722
581333,3.192699909,3.296382189,0.164149352
1809615,1.299600005,1.161811471,0.10218023
2600609,1.166700006,1.165165544,0.099327024
3236158,1.110599995,1.263816118,0.110538502
1219937,3.613800049,3.860639572,0.240531381
4100152,0.671599984,0.650817215,0.240820441
1601968,1.702000022,1.486742616,0.255138882
1027921,0.546700001,0.397108912,0.232129562
7904816,1.129899979,1.173703194,0.090374632
740293,1.39380002,1.19152081,0.105992505
729596,1.769299984,1.784768581,0.161990266
1163677,2.112400055,1.619196653,0.632239871
817458,3.114799976,2.876759052,0.305197863
3062710,1.358899951,1.856103539,0.529234935
1633423,0.439900011,1.093718648,0.705775627
246651,1.222800016,1.248486996,0.096836286
1216470,0.489199996,0.756510258,0.319729297
212346,0.935599983,1.180269599,0.22453632
980759,1.58739996,1.52309382,0.078818583
126986,1.714100003,1.612820029,0.444033929
4269777,1.165400028,1.405056119,0.306373784
2249880,1.977100015,1.947257876,0.495440361
3909370,0.524200022,0.802072883,0.276643702
2120484,2.608400106,2.105915785,0.72622952
2121582,0.575399995,0.493262559,0.286887232
816480,0.868399978,1.547434092,0.636599828
3359069,1.14380002,1.181104898,0.129583401
1555402,1.977499962,2.010122776,0.08189761
650512,1.85650003,1.819067478,0.06317746
1243042,1.563599944,1.597516537,0.173024732
1775436,1.491700053,1.547825813,0.08968555
2133967,2.013499975,1.974639297,0.111875177
664026,0.965499997,1.291470289,0.453737486
2023122,1.523200035,1.562131524,0.107486727
4984787,2.13470006,1.835800409,0.469278181
3821073,0.954200029,0.883775949,0.111708993
470076,1.784199953,1.732545614,0.137464966
170983,1.935099959,1.762957931,0.095950682
281990,1.457399964,1.410596967,0.131892785
4019869,2.160900116,1.733819246,0.735749399
2101989,2.032599926,2.038015127,0.300414555
58172,2.092799902,1.862911582,0.257200135
233,1.619899988,1.531697273,0.227039083
1681958,1.984799981,1.558284283,0.665614458
4886408,1.735599995,1.831915736,0.078221601
91514,1.817999959,1.759214878,0.193645776
1573900,1.415799975,1.332687378,0.109740485
4000558,1.03429997,1.061934471,0.164706284
1445907,1.838199973,1.62019825,0.084820508
147308,1.549600005,1.591127634,0.137128556
2127085,1.012799978,0.690359771,0.136349684
2497640,2.200999975,1.380456924,0.716119888
929150,0.911199987,0.902509332,0.259117868
2596227,2.434400082,1.465481758,0.61265605
3725556,1.591899991,1.538109541,0.079353608
3853147,1.516000032,1.499434352,0.08026682
890958,1.353000045,1.282923102,0.12785938
114191,1.429700017,1.386475921,0.094407089
3922126,2.457299948,2.667896509,0.430023305
1211414,2.153599977,1.90244174,0.507425865
1375615,1.046499968,0.992010593,0.126022353
2564819,1.254899979,1.190358758,0.095090653
2591603,1.014799953,0.94030267,0.15724708
2115281,0.609000027,1.268124342,0.317293489
604716,1.358399987,1.379994035,0.103836807
1416668,1.521100044,1.563296556,0.093966215
1907233,1.486999989,1.030679703,0.658513276
3173747,1.037500024,1.090544343,0.127314881
1635553,1.039199948,1.30152607,0.122644167
3049744,0.965600014,1.141123056,0.136167012
1416647,2.215500116,2.049569845,1.08105375
1311685,1.315799952,1.230070472,0.093060341
3039034,1.878999949,1.811714172,0.120375835
3968204,1.577800035,1.546074748,0.308215102
3741421,2.354000092,2.592217207,2.271835234
331015,1.819399953,1.768214703,0.111599825
1653841,2.480000019,1.483850718,0.564813176
415004,0.506099999,0.435102105,0.344646682
4895984,2.463399887,1.369416475,1.015142238
466287,2.457799911,2.048963308,0.483455107
3941256,0.752300024,1.577826977,0.928536769
2560024,0.363900006,0.380925894,0.446138753
1695192,3.359699965,3.35677886,0.355918621
2101736,1.396800041,1.259468198,0.114734949
2004174,2.417000055,2.420426846,0.612469811
3924342,1.533800006,1.504969001,0.086027026
1274789,1.728399992,1.723114252,0.108625758
164163,1.583500028,1.387894154,0.336786218
364543,0.638199985,0.596976399,0.308361582
1662690,1.978700042,1.832478523,0.354620897
586590,0.649200022,0.66403836,0.271282382
942955,1.815400004,1.794938207,0.144399557
3052064,3.469799995,3.460122824,0.421280247
800329,3.771300077,3.948717594,0.198333118
1365233,1.214400053,1.336162806,0.144044048
74740,3.15199995,3.128002882,0.164012004
626732,0.841899991,1.031365871,0.245758888
1788562,1.812999964,1.871438742,0.440590637
4971175,2.375999928,0.989703774,0.630808376
1568873,2.216700077,1.802261829,0.653989805
3939994,1.317899942,1.126581907,0.08870882
2134938,1.834599972,1.796706915,0.082997563
1571694,1.537799954,1.572716236,0.085318719
1326544,1.534800053,1.563898802,0.092282174
3419645,2.369800091,2.334201097,0.619369416
3764017,1.577999949,1.553618789,0.374003039
3751503,1.113800049,1.126704812,0.097393044
297468,1.040199995,1.026233196,0.116011874
2614640,0.956099987,1.028598309,0.143856536
1588071,1.961400032,1.980687499,0.073161647
2556505,2.312700033,2.358890533,0.253751091
672906,3.261300087,3.354089737,0.194555044
1814519,1.565899968,1.489207983,0.429284427
18562,1.430899978,1.381778717,0.116941866
878066,0.549700022,0.480725229,0.30562879
1597295,2.512000084,1.304588199,0.468652652
3792717,1.665500045,1.716077805,0.117286088
4938345,1.696799994,1.711440921,0.082092555
85167,2.429500103,1.68413353,0.763560411
664801,1.004199982,0.916560233,0.088280853
4943035,1.333400011,1.234378099,0.254121044
4129263,1.761500001,1.710359216,0.617013931
3069421,0.8671,0.688779652,0.16444406
4036126,1.495900035,1.43988359,0.074510118
2867,1.048799992,1.116099238,0.092916719
1239108,0.421799988,1.223366976,1.065349964
3309254,1.274999976,1.273774981,0.135977404
2003594,0.432500005,0.688049376,0.403281129
262185,0.79549998,1.341245532,0.45960434
1686898,1.190400004,1.205062032,0.105382062
3062461,1.641000032,1.687246561,0.198743487
1348184,2.061000109,2.040546179,0.090809914
292516,1.367699981,1.172588706,0.173154705
308670,0.85650003,1.309093475,0.641943041
4035501,0.690599978,0.592778921,0.279591145
72837,0.552299976,0.743761659,0.56331832
3234140,1.077299953,1.202805281,0.454214726
3706717,1.589900017,1.602681875,0.213134206
1514334,1.349300027,1.315346956,0.155070838
3773514,1.918099999,1.844314337,0.082574346
311946,1.157199979,1.203724623,0.10905187
1906567,2.206500053,1.081666827,0.409445119
1707140,1.171399951,1.060943127,0.110074611
4992836,1.825600028,1.716040015,0.110538767
2483789,0.515500009,1.04844594,0.318691478
1658826,3.845799923,3.963317633,0.368898746
271311,1.047299981,1.157640457,0.375413309
1999608,1.608399987,1.582011104,0.079353268
3810517,1.131700039,1.31362915,0.10689446
2069265,1.02639997,0.959069371,0.091462724
201924,2.207900047,1.740689635,0.69898448
4001602,1.836300015,1.751097202,0.07932459
4282867,1.063799977,1.103033423,0.238908138
1272156,1.699000001,1.601785183,0.109849463
650877,0.612100005,0.713986874,0.387946213
1333444,0.984700024,0.85538435,0.249950531
2592545,0.873300016,0.834349275,0.237498169
3006200,2.194600105,1.677827358,0.78007755
2025672,1.644899964,1.602959156,0.096845821
2550532,1.06159997,1.091269255,0.09022638
1259376,1.845399976,0.82174319,0.608132146
2702435,0.798699975,1.487356424,0.718546963
3869664,1.743999958,1.371032953,0.31834394
2117298,2.415899992,2.068561316,0.616256857
2617689,1.648300052,1.596118689,0.301131194
3748836,1.50059998,1.476698995,0.083439694
4019824,1.83130002,1.702977538,0.185950934
52766,1.551300049,1.503360152,0.079782207
1681375,1.265799999,1.335435867,0.113805573
1715717,1.08949995,1.25448668,0.116808003
2483363,1.397400022,1.1754179,0.094485832
381438,0.563799977,1.260406017,0.596938981
4112245,1.127799988,1.160717845,0.129260768
593961,0.966099977,0.900659084,0.115124484
4027565,1.49119997,1.547962666,0.088437188
3903121,0.826399982,1.529983282,0.761044718
3168417,1.346099973,1.243488193,0.112410371
1726140,0.960500002,1.089402556,0.235797894
459716,1.679299951,1.616396904,0.22018319
178598,1.023300052,0.956714451,0.127256552
2790268,1.115399957,1.015138149,0.172633502
3896264,2.260400057,2.401892424,0.365627057
4922380,1.873399973,1.777491093,0.088870997
3993224,0.883899987,0.836974025,0.167036502
3942983,1.258999944,1.275635719,0.119607106
959768,0.711099982,1.735757947,1.480237716
3048059,1.131000042,1.175141335,0.126921672
386550,2.867399931,3.098417044,0.185887456
4961622,1.549900055,1.593069434,0.127236439
956833,1.536499977,1.535806417,0.159975293
3968206,2.757600069,1.783427238,0.715957066
3855391,1.516800046,1.524429679,0.116585892
1563914,1.262199998,1.127416611,0.096925956
3193455,1.425999999,1.455748796,0.122008987
3794970,1.610900044,1.574584246,0.15695672
1638777,1.397199988,1.379894972,0.127095487
1083965,1.754500031,1.316286445,0.547786144
534468,0.665099978,0.91098845,0.345369307
2480595,2.746900082,2.421965599,0.521541349
132216,2.193799973,1.909533501,0.80730446
2073759,1.759299994,1.706019878,0.113190931
924329,0.807699978,0.701887608,0.126018746
1858484,1.130100012,1.177322149,0.11878516
804819,0.99879998,1.202047586,0.290091796
5002439,2.020100117,2.039257288,0.253380804
2126011,1.586099982,1.554409742,0.117953475
67243,3.602999926,3.53662014,0.418778286
703506,1.582399964,1.585272074,0.116237489
1942260,1.426499963,1.288352132,0.190564201
2524321,1.258299947,1.163201094,0.105593726
1058597,1.548300028,1.60518229,0.140816406
1176345,2.093300104,2.023409605,0.0707244
1457777,1.073199987,1.10752821,0.378273248
253811,1.246999979,1.48036027,0.11631999
4042118,1.099799991,1.180528522,0.096135104
555185,0.615100026,1.563928127,0.112938053
552880,0.938899994,0.896290183,0.133460574
530434,3.353800058,3.3519485,0.209282609
1222838,1.199100018,1.223512411,0.094646587
2992448,1.30219996,1.242327332,0.111158405
1677433,0.746900022,1.195168138,0.832616215
111332,0.910300016,0.861644626,0.194674901
1720117,0.971800029,1.122224212,0.160362187
3049459,1.953400016,1.804866314,0.279548785
32817,1.29460001,1.34660852,0.264901424
4109393,2.04550004,2.02525878,0.065276768
4987918,0.478599995,0.79831481,0.513554317
1791138,1.755599976,1.66532433,0.087046731
3174863,2.587300062,2.61782527,0.392592492
2513332,0.720399976,1.597985864,0.603702158
1604123,1.351899981,1.29601562,0.107817101
1298677,1.486199975,1.598081708,0.520606026
1541740,1.843099952,1.926153898,0.240422137
256609,2.022300005,2.068246365,0.143469117
3158381,1.585500002,1.896542072,0.719435655
3844446,1.179399967,1.126922846,0.098941363
1465353,1.084699988,1.248518705,0.215119956
531546,2.008399963,2.010998011,0.082203624
366519,1.466300011,1.487889409,0.074896233
3710283,1.45630002,1.392455697,0.096259001
3950223,1.945899963,1.857912779,0.088422259
3158883,1.572999954,1.591276288,0.095853002
1842340,2.62409997,2.547429085,0.284515772
137822,2.358500004,2.309288263,0.364320601
102187,0.58039999,0.941294074,0.481639537
2529122,0.913500011,0.852900267,0.088595488
1346593,2.000999928,1.305980444,0.338481067
3152743,0.911800027,0.883533657,0.155438072
3723794,1.834300041,1.832973838,0.13678387
3092132,1.216799974,1.185390353,0.132922071
500057,0.933099985,0.791725934,0.10826017
2518857,0.919099987,0.86622715,0.304898947
704093,0.651499987,0.743828654,0.367488515
921970,1.255699992,1.242114186,0.116261543
2514997,1.454699993,1.448596954,0.075066531
2577285,1.271900058,1.237913489,0.106358344
3874583,1.010599971,0.962280631,0.253140101
3876992,2.006500006,2.073044062,0.176330815
1680749,0.510299981,1.108528614,0.668456519
408706,1.966500044,2.011113405,0.304596288
702715,1.059399962,1.09127295,0.197579295
516082,1.604599953,1.675884843,0.188165784
5001829,1.027500033,1.193366647,0.197590296
969146,1.676800013,1.313754082,0.243135029
5871,0.735800028,0.797644138,0.564466932
3800065,2.397000074,2.494211435,1.049027749
2589605,2.020900011,2.061647892,0.097759921
3513870,1.43599999,1.362469196,0.140996495
596790,2.808300018,3.015779734,0.246437952
392158,0.581700027,0.525972009,0.215931971
1720816,1.443400025,1.491501808,0.106638916
2516305,0.685400009,0.638137698,0.392361804
3260312,1.207100034,1.183578968,0.104826908
1310034,1.864799976,1.651997089,0.087418973
1736452,0.277799994,0.468666703,0.206209694
612585,0.996100008,1.609751821,0.527092598
3561447,0.53640002,1.47601366,0.611475454
1071615,1.529500008,1.501158476,0.108442448
978266,1.419199944,1.375589609,0.082738839
1678849,1.966799974,1.743246555,0.16506046
1091003,1.510499954,1.636973381,0.120101978
663794,1.011000037,0.82223171,0.254618248
3993724,1.333099961,1.178646445,0.094993603
3571892,1.623700023,1.706392646,0.125033977
1896168,1.865300059,1.471918225,0.454182427
3975288,1.976400018,2.01254487,0.070609426
1985430,2.591099977,2.076473475,0.499199017
1111070,0.843200028,1.249232888,0.649167718
1094741,1.119500041,1.26663208,0.257051269
680844,0.707499981,0.93896085,0.374376673
4571920,1.467700005,1.611669064,0.121923144
136787,2.224100113,1.67928946,0.683153479
331775,2.301300049,2.115878105,0.399591421
955685,2.556299925,1.271396756,0.656344339
1025069,1.419800043,1.310038447,0.096661672
214039,2.017100096,2.063219309,0.125385428
2477748,2.00909996,1.979263663,0.097346291
3782606,2.415899992,1.714786053,0.800139826
4042315,1.291700006,0.943920553,0.215767781
3839555,2.223599911,2.293833971,0.489508711
655920,1.504899979,1.547074676,0.098588131
918159,1.797999978,1.679332972,0.109639589
3140394,1.169700027,1.163687587,0.128293967
1579039,2.632999897,2.728168964,1.134697182
3579762,0.645099998,0.767989159,0.340674273
3860613,1.542400002,1.569156528,0.134898072
1193656,1.411200047,1.40120697,0.089010678
3844988,0.811399996,1.917966604,0.436221691
389434,3.121200085,2.935718536,0.267148376
3079992,2.6243999,2.487385035,0.294729739
3124924,1.580199957,0.67230171,0.259925005
3512495,1.17840004,1.150754809,0.116178668
191564,1.724499941,1.559632063,0.235445945
927689,1.765900016,1.822877645,0.122116751
3728239,1.682000041,1.691581845,0.130095201
3895520,0.904399991,0.793116391,0.162476503
499152,3.97480011,4.191549778,0.329369693
3956106,1.253299952,1.292548656,0.096908486
3839095,1.805099964,1.814548135,0.089411416
3784459,1.518000007,1.705743432,0.311723651
2327007,0.63349998,0.455373526,0.212988087
928950,1.467399955,1.462222457,0.079680733
3248474,0.847000003,1.11105895,0.614077519
2026377,1.88440001,1.727707386,0.085797819
1689522,1.087000012,1.068695426,0.092595019
1637267,1.442399979,1.527503729,0.101514823
3147102,2.124700069,2.11615634,0.191152775
4915121,1.939499974,1.605015159,0.66263312
556428,0.742399991,1.032366753,0.508734028
206017,1.164399981,1.221783042,0.096686772
493791,1.492599964,1.485130548,0.082571197
3878439,0.987100005,0.942744195,0.085693109
1294799,0.866400003,0.790371954,0.172379328
162282,0.934700012,1.055888653,0.333538673
460148,1.55250001,1.441274285,0.475562312
303144,1.85529995,1.721564054,0.092821114
519456,0.842299998,1.267929077,0.654640244
56217,1.149299979,1.158877254,0.121530855
3983461,1.942600012,1.928686023,0.289547333
3511491,0.296900004,0.258763075,0.156341335
1682885,1.983399987,2.007484436,0.122384989
28295,3.220999956,2.242604256,0.984750071
100801,2.164900064,1.706978798,0.641077161
2761351,0.463099986,1.424387455,0.640023857
165681,3.470400095,3.375017643,0.524953327
1329550,1.244300008,1.287377715,0.188859264
4896450,0.865100026,2.276519299,0.657571461
3104880,1.506800056,1.558648348,0.142764845
3196350,2.107199907,1.824997425,0.294965059
1222039,1.794199944,1.638807654,0.112231803
1566393,0.477800012,0.658106267,0.437368169
272348,1.93599999,1.413811088,0.456694405
4510017,1.770699978,1.802926183,0.097200417
1277127,1.648000002,1.709401011,0.119185689
2127298,2.054399967,1.18959856,0.703684563
3255635,2.51970005,2.293550253,0.552744377
2100654,0.608900011,0.540284932,0.292976379
1006209,1.461799979,1.379299402,0.115388178
1694998,2.269799948,1.562391281,0.938836671
2104791,0.986000001,0.935426176,0.099515824
1704337,1.302600026,1.204817057,0.090184488
383248,1.277500033,1.333854795,0.107411436
2484587,1.533800006,1.635747552,0.075954739
1224626,0.713999987,0.934831381,0.449523756
1809455,0.823499978,0.929571271,0.378969463
1177097,1.729900002,1.618644476,0.154275458
2058799,1.075000048,0.971282721,0.099641771
458421,2.1796,0.845929742,0.494769318
2003201,1.931699991,1.911893606,0.081749697
1492047,3.115499973,3.173155069,0.175356516
3139757,2.254600048,2.051222324,0.877554876
311327,0.565299988,0.94602108,0.521170132
1004203,0.744799972,1.011193037,0.534881048
2590128,1.959699988,2.005961657,0.126503162
3886984,1.641700029,1.61237359,0.336908136
3167153,1.538499951,1.523042798,0.072082012
2493793,2.12409997,1.860659122,0.513213414
3744633,2.558900118,2.185372114,0.504749893
4141654,1.770099998,1.761629343,0.073036949
2446148,1.997300029,2.027776957,0.12110116
227990,1.538200021,1.321311116,0.143448304
2587150,1.866400003,1.490979075,0.069430669
236156,0.858299971,1.00170064,0.371027449
63081,0.892700016,1.216170073,0.493608633
1348042,0.363200009,0.621338606,0.189859191
1694749,3.098999977,2.934148788,0.519319649
818848,3.14470005,2.034499168,0.589663674
1755907,1.335000038,1.19689703,0.122694764
2297242,2.932600021,2.186098814,0.803110039
4231331,1.112599969,1.073222876,0.09741123
3435385,1.120100021,2.355309963,0.601348443
1269806,0.987699986,0.980972409,0.148943515
9321,1.274500012,1.299126387,0.119494121
242661,1.684499979,1.557900071,0.131261649
1025740,2.083400011,1.885974169,0.40030364
3105845,2.319900036,2.36321187,0.227783808
3255132,2.22420001,1.358026505,0.901666924
1692560,2.879699945,2.867897987,0.257027094
278811,2.261899948,2.394582033,0.298931054
2544433,1.696799994,1.666085839,0.077835859
1972917,1.170899987,1.273863554,0.27620602
3048392,2.038500071,1.980913639,0.121954107
380897,1.059800029,0.974272132,0.097920504
3788761,2.169699907,1.564038634,0.78452416
592810,1.948400021,1.749851465,0.146328774
103913,0.892499983,1.376965404,0.783820653
3075824,0.957099974,1.075826287,0.117667372
576944,1.011700034,1.081938505,0.214757573
352330,1.923099995,1.771665454,0.080665975
3975182,3.875799894,3.772997856,0.397472916
3310216,2.218199968,1.437266588,0.612429203
1108870,1.567100048,1.553860068,0.238953658
3742361,0.616299987,0.860800266,0.488362405
1019778,2.231699944,1.448229432,0.547682928
163829,1.874300003,1.754785895,0.097806219
222099,0.935400009,1.092263103,0.173802181
2063761,2.391200066,2.382064581,0.284636403
1446978,1.371099949,1.300960064,0.100556124
3910084,1.739300013,1.704416394,0.082416959
2552256,3.791800022,3.869329453,0.370524663
905667,0.399899989,0.274376184,0.309357206
3818589,2.269000053,2.353346586,0.308044815
1720870,1.191900015,1.223349452,0.0901784
1678595,1.343099952,1.19395113,0.101877279
3767503,0.800800025,1.753256202,0.294943714
696089,0.493000001,0.75121963,0.590820817
36251,0.545899987,1.13560164,0.486833884
509026,2.015300035,1.87658608,0.071790652
592970,0.720700026,1.865683079,0.541630365
3852959,1.732300043,1.727782249,0.090550607
4925629,2.661999941,2.588364124,0.423820566
4739441,1.764400005,1.783435345,0.127218234
385194,1.431699991,1.358653903,0.115573497
2108440,1.67019999,1.61687398,0.14256282
1694812,2.62590003,1.777690291,0.719541901
1236037,0.873399973,1.052829623,0.661206803
818810,2.29550004,2.334584713,0.237986288
2610214,1.004400015,1.00796473,0.086257296
918076,2.388000011,2.391618729,0.275173711
258746,0.656899989,1.088391304,0.447311932
1506004,0.519200027,0.782394588,0.483717272
1510810,2.160000086,1.624758005,0.499760451
2537910,1.98210001,1.860336661,0.27275798
666820,1.823600054,1.714036107,0.091826328
2842904,1.007200003,0.879295826,0.103798664
3589133,1.130399942,1.403510571,0.448778683
3173785,1.806800008,1.749543786,0.071577836
447631,0.909300029,0.988300085,0.351916749
2549070,1.022600055,1.395900369,0.305128781
2551347,0.539699972,0.541589141,0.341691442
3937393,1.410099983,1.277082205,0.098860341
337327,1.603800058,1.574318051,0.184532252
448036,1.536399961,1.564922333,0.103253897
211995,1.432700038,1.430629969,0.098376527
1473092,1.51639998,1.492649674,0.198836811
1173101,2.023600101,1.854708672,0.374848931
4034532,1.749500036,1.76919651,0.290768653
9746,1.835199952,0.766560853,0.585519285
3029352,1.052600026,1.238986492,0.105983305
1890415,2.134599924,1.032415032,0.680497684
1080738,1.360599995,1.201069593,0.109194649
682946,1.842499971,1.728210926,0.086354091
3829976,3.065900087,3.108098745,0.160543706
2488726,1.882200003,1.832993746,0.090838564
652951,1.396600008,1.304612398,0.110508461
3536655,1.724699974,1.621331692,0.099965147
226352,2.325000048,1.87686801,0.782062909
1200054,1.906200051,1.714456916,0.146552763
4104013,1.830299973,1.750894785,0.156452155
2605085,2.342400074,1.765402794,0.671819707
1814856,1.401000023,1.418147326,0.72832595
2543571,1.330600023,1.217058301,0.116683468
164998,1.539700031,1.302198172,0.347665401
4101703,1.602399945,1.402239561,0.280844714
497803,2.045900106,2.058730841,0.127428149
2074345,1.074699998,1.189100027,0.113569784
1206327,1.440999985,1.383905292,0.105250362
4407435,2.706399918,1.389861941,0.73136223
1197435,1.085999966,1.191053748,0.143918239
695441,2.972500086,3.312162876,0.222916033
733842,0.593599975,0.911811352,0.357199011
2128429,2.245599985,1.57007575,0.603760161
696910,1.762500048,1.690625787,0.07397342
1485220,0.495200008,0.697080195,0.360132539
3891950,0.720099986,1.813974857,0.562749887
1643248,2.068099976,1.823977232,0.380009667
1026527,3.267699957,2.59120059,0.45171365
992186,2.256200075,1.827572227,0.720575006
1441632,2.202399969,1.141927123,0.779741853
2750358,1.459800005,1.404978752,0.11034552
2359303,1.266199946,1.265607476,0.115895954
940405,1.793400049,1.721504688,0.109884667
3795679,1.520300031,1.494569302,0.077518691
2069653,1.433400035,1.318632483,0.073468922
1833218,1.308899999,1.155272126,0.107903506
334624,2.200999975,1.062844992,0.58430008
322283,3.657999992,2.130389214,0.691707653
1664567,0.555000007,0.601899624,0.295418126
1299803,0.526799977,0.879683495,0.543964187
4115974,0.205300003,1.754396796,0.279883935
3043595,0.855000019,0.909141839,0.437133346
198665,1.490800023,1.551009774,0.139469819
3958875,1.693799973,1.782746673,0.067746109
3883051,2.100500107,1.946383119,0.511377293
1219689,0.999000013,0.948588789,0.095660521
284751,2.077600002,1.343417168,0.467975326
261663,1.551900029,1.484266639,0.865114914
1045155,0.625400007,0.9271155,0.529016005
476714,1.507099986,1.443287015,0.683651862
699357,1.666700006,1.672792196,0.216554928
1824124,1.998000026,2.012970924,0.10965985
1600532,2.125699997,1.875102878,0.440968051
3190679,1.662999988,1.289702177,0.543192289
1106051,1.49909997,1.672737241,0.112080965
3148867,3.22329998,3.176308393,0.163143302
2512407,3.785000086,3.993339539,0.20613291
2297540,2.248800039,0.804001689,0.476733193
1624833,1.949800014,1.91831398,0.087667598
1737757,0.4463,1.289258718,0.586498424
2068793,0.947099984,1.18219924,0.400963852
1262253,0.404500008,3.184318066,4.23723953
936612,1.479599953,1.402817488,0.266747473
3510217,0.668200016,0.92419517,0.433185179
4090353,0.76910001,1.154836774,0.529985016
1916099,0.737100005,1.856021881,0.575702696
2038532,1.398800015,1.342105031,0.098034498
2591763,0.959900022,0.837811172,0.078553408
779256,3.084399939,2.909935474,0.372447606
3434538,1.77579999,1.636207223,0.218336302
1713938,0.693499982,0.91148752,0.453288953
808252,0.530300021,0.761931002,0.572955318
2537962,0.632700026,0.522651076,0.222919593
99273,1.093299985,1.131865263,0.097470866
2623088,1.541100025,1.530999422,0.078272121
844384,1.048400044,1.090929389,0.119937611
1491652,1.84070003,1.717344046,0.085258344
503613,1.971099973,1.981145382,0.059419688
4922144,0.682500005,0.940138102,0.57499523
2017460,2.618999958,2.237581253,0.72320919
588740,0.986599982,1.010562778,0.116983638
2902661,0.411199987,0.709847629,0.297271689
337523,1.438699961,1.34065187,0.112783597
2571217,2.631099939,2.439157486,0.533465478
2563298,1.575399995,1.333120227,0.223489882
213538,0.970000029,0.876742005,0.073716759
1499089,1.334800005,1.226835012,0.12281508
1510845,0.771600008,0.531852424,0.327831944
3773579,1.333600044,1.233029962,0.096086207
622729,2.421799898,2.350734711,0.279931954
2531595,1.434100032,1.413726449,0.09632652
253378,0.820900023,0.989530206,0.50138101
1561979,4.673999786,3.931511402,1.726171803
228542,1.670699954,1.641896725,0.294754676
1586869,1.771399975,1.775765657,0.127551043
903145,4.101099968,3.776536226,0.617088962
955123,2.572700024,2.450429201,0.416912706
3110686,2.12319994,1.709976792,0.505989146
2200878,1.148499966,1.197878361,0.132543741
3948240,1.514299989,1.532241583,0.07527403
2218382,0.442999989,1.170600414,0.552817942
2377638,0.89200002,2.280447721,0.834837002
2045390,1.487599969,1.507080197,0.12359323
4929400,1.825600028,1.662462711,0.221311364
388619,3.421000004,1.448577046,0.690703169
4042785,1.631000042,1.587110043,0.200562211
864221,1.924100041,1.290505886,0.355738045
3161366,1.431100011,1.514783025,0.091430786
866702,0.872200012,0.776961148,0.272291603
125207,0.406500012,1.753896475,0.675651141
3812540,1.217700005,1.291390896,0.197959266
2533555,1.412999988,2.070783138,0.530811606
3654791,2.342999935,1.460659742,0.954211382
4025002,1.372699976,1.208688974,0.113039581
885634,1.277199984,1.223501325,0.107603777
320427,1.942499995,1.919264436,0.200814151
385379,1.373600006,1.188920856,0.098564464
1231197,2.814100027,3.093645573,0.373699436
3730636,1.862200022,1.480345488,0.407988168
651264,1.662099957,1.693719149,0.148545044
1988442,1.53550005,1.497721076,0.072907107
4130501,0.561100006,0.606792986,0.394479767
2582219,0.66049999,0.75459224,0.310871327
1337502,0.721199989,0.995889127,0.802248843
585193,0.964999974,0.992865026,0.218971677
1706930,0.980099976,0.96405369,0.115320767
1661014,0.519299984,0.621366382,0.437484826
3873116,1.841199994,1.842693686,0.060479307
3847961,1.007300019,1.032351732,0.134301367
1981197,1.826900005,2.053577185,1.249175181
2021196,0.915899992,1.000518203,0.293449935
603331,1.052000046,1.14651525,0.144295261
2449644,3.017299891,2.975174189,0.301912151
2569558,1.691200018,1.156919718,0.220610025
3849032,1.98179996,1.395550728,0.176171955
1502015,1.893700004,1.846163273,0.163606373
1572941,1.632200003,1.531681299,0.158231197
4860650,1.635599971,1.423455238,0.164074596
3843710,1.264099956,1.315161467,0.09452132
1229647,3.058799982,2.989774704,0.261188511
2532534,3.819999933,3.189663172,0.761455706
862972,1.397500038,1.142119169,0.145347206
107687,0.898100019,0.919446349,0.318606848
371008,1.409500003,1.223821044,0.109515232
930458,1.850299954,1.741898298,0.119547777
1214819,0.825299978,0.911364913,0.375653869
2695966,1.619500041,1.630901337,0.166132392
1870422,2.728699923,1.434691191,0.46159384
901292,0.594799995,1.295967221,0.497388202
3402076,0.805999994,1.639092326,0.661529805
3848486,1.184200048,1.141542912,0.104150651
1231571,1.978199959,1.745557904,0.366664738
3087679,0.080200002,-0.132666677,0.305547662
4084108,1.753299952,1.666111708,0.138867764
1363292,2.335200071,2.246529102,0.469102631
4936095,1.485900044,1.54805553,0.096475434
1884714,1.248600006,1.186384201,0.282183357
169594,1.127500057,1.293015003,0.166124706
1443923,1.167400002,1.140492082,0.115472693
1808731,1.066100001,1.334857941,0.406594882
1045366,1.929999948,1.06863904,0.491162747
3986141,1.317499995,1.160577178,0.183723799
653726,0.612999976,0.764503777,0.332046172
641613,2.011399984,1.867449403,0.100387795
284755,1.815299988,1.81634593,0.057832274
4883580,1.162799954,1.107672215,0.10516423
424604,1.049100041,1.184529185,0.393297324
1922925,1.399799943,1.293925047,0.103707904
785259,1.934900045,1.889272213,0.087725829
289693,0.62440002,0.586782694,0.309454213
489049,0.51789999,0.598813057,0.33145972
4093510,1.253999949,1.316461325,0.110781385
4324811,1.416599989,1.305432558,0.126584744
3788428,1.745300055,1.219879627,0.53350313
564056,1.501700044,1.533784986,0.096262489
2928764,0.926299989,1.036308408,0.389387765
3846772,0.573400021,0.71936655,0.388740323
3740661,0.855400026,1.486092567,0.432206142
1279770,3.347899914,3.19195509,0.312243929
887096,2.085999966,1.541814566,0.632066994
680911,1.664700031,1.598201156,0.306235757
1052077,1.204699993,1.617103219,0.822593678
2138850,1.668799996,1.61788702,0.163046107
1996278,1.539100051,1.595357895,0.089015088
279962,1.010699987,0.919531226,0.146227478
1984938,3.74000001,4.077984333,0.319927438
401585,2.967600107,3.149019241,0.227991898
4885403,1.839599967,1.642473578,0.253395947
464544,1.711899996,1.696817636,0.101308266
3061805,1.410400033,1.3072716,0.099383233
2363386,0.980099976,0.95800072,0.175886255
103979,0.416599989,0.479014575,0.152473022
1837152,0.673200011,1.071621656,0.684929812
4036293,0.689400017,0.783100247,0.332194916
495515,1.598500013,1.552731156,0.088311209
3192744,0.860400021,1.33263886,0.906860573
1005316,1.259199977,1.254438519,0.102452832
761418,0.959200025,1.263099551,0.485137723
4096617,1.556800008,1.387453556,0.639053231
3838546,1.701200008,1.579565287,0.688920785
992718,2.064699888,1.526508212,0.603071772
863901,1.281000018,1.155020118,0.109704933
1480337,1.093899965,1.143994689,0.168067986
1262003,2.006000042,1.114025593,0.705460949
226283,1.729200006,1.835488796,0.172159815
37675,1.028499961,0.835851967,0.146891683
654638,1.131600022,1.023369551,0.114902155
3818717,1.797299981,1.758121729,0.116728767
445222,1.231400013,1.179126978,0.109426205
3590520,0.881699979,1.300053358,0.644381303
207658,1.026499987,0.929118395,0.11064083
668184,1.922700047,1.798772693,0.092514958
562665,0.664699972,0.68893981,0.394124586
229421,1.939800024,1.650600672,0.244834768
1265168,1.906200051,1.876079679,0.077834504
923471,1.356699944,1.222711205,0.114067412
1400578,0.776199996,1.925124168,0.127812536
4121989,0.718100011,1.066560268,0.608121144
2032849,2.542000055,2.277505636,0.816214288
2612308,1.190600038,1.184378743,0.103365745
4146196,2.497100115,1.854425073,0.731639923
915074,0.648299992,0.63667953,0.290486668
253302,2.765899897,2.814396143,0.199983736
3961907,2.009599924,1.01662755,0.362683491
992117,2.541699886,1.479986668,0.792522888
226040,1.606699944,1.57615447,0.131929336
1712673,1.485900044,1.713874102,0.23799993
34544,1.041200042,1.299931407,0.126831554
517770,1.417299986,1.243358374,0.095440529
752104,3.084800005,3.19582057,0.161830122
2043657,0.431600004,0.944529891,0.501501125
562275,0.847500026,1.297207355,0.623027957
291788,2.106100082,2.041808844,0.116636327
2511257,1.62469995,1.657311201,0.1594023
1524046,1.562600017,1.577501416,0.108428745
215913,2.219000101,0.654447138,0.535785945
3082962,1.568500042,1.63244462,0.115920879
1254012,2.947999954,2.961270094,0.160860873
4136308,1.402099967,1.169537425,0.130399551
4033354,1.735499978,1.752856255,0.07603294
3800671,0.428000003,0.565448463,0.275069543
1303145,3.284800053,3.169706821,0.156054846
1686935,0.688300014,0.577456355,0.45328938
2018671,2.728100061,2.07393527,0.791871011
113139,1.917199969,1.844024062,0.087558873
283318,2.002099991,1.978660703,0.074591114
3505405,1.083899975,1.136371136,0.290387096
3058932,0.701600015,1.491668105,0.48047441
1051287,2.513799906,2.240622044,0.861762389
3328220,0.903900027,1.133302808,0.421802638
3285749,1.168200016,1.139639497,0.1184689
531761,1.102800012,1.183770061,0.119395016
4930832,0.825999975,1.955944657,0.771444624
396738,0.546800017,0.583292484,0.208523858
3435278,1.414700031,1.604809165,0.589721364
4074742,2.173300028,1.016696692,0.209412902
696135,1.130100012,1.117514372,0.155005043
1490519,0.519900024,1.910497308,1.412563858
3173621,0.862500012,1.244531751,0.640391237
472942,0.893000007,0.913601637,0.287905556
1784285,1.434299946,1.288277388,0.118563925
1628771,0.435099989,0.686722279,0.294284815
129550,1.100299954,1.155003667,0.130819471
3971980,0.714999974,1.523441195,0.620231798
1502581,2.446700096,2.453486204,0.265151176
1089406,1.539600015,1.561353445,0.078757947
890696,1.228999972,1.20385623,0.095889848
4100029,0.80430001,1.246125102,0.618882905
1814098,0.762600005,1.439256072,0.617971598
585771,1.358999968,1.114655972,0.09904273
1899748,2.177999973,1.46075654,0.778062766
3941625,2.197400093,1.261843443,0.601331419
2552360,1.598399997,1.594930053,0.099884262
1515370,1.121000051,1.487613916,0.266764008
4143028,1.901200056,1.844614983,0.07179743
635275,1.630200028,1.921183228,0.191247982
746812,1.048599958,1.124876142,0.252370223
3587308,0.824299991,1.043419838,0.53314435
1492445,1.683200002,1.591792822,0.130357835
896604,0.578199983,0.771565914,0.586530335
3237520,3.125299931,3.088912487,0.199070988
3580274,1.515300035,1.554449916,0.113932517
147296,1.373399973,1.33460474,0.128870764
4090056,1.146100044,1.151274323,0.090538989
80524,0.76789999,1.742660522,0.567590173
1527392,0.529900014,0.481277525,0.224026596
135974,1.699599981,1.248821259,0.35540467
2561922,0.826099992,1.38447547,0.634268134
4016163,1.554499984,1.605341673,0.146060056
374602,0.688600004,1.143918872,0.667661094
1728219,0.556999981,0.54142648,0.338521259
408726,2.628099918,1.897813439,0.889726051
324188,1.120900035,1.152168989,0.141452244
1684216,3.615999937,3.184605598,0.559159666
621482,0.777100027,0.710647225,0.320797901
2954263,3.403399944,3.56764555,0.263622209
1996089,1.737200022,1.669772506,0.095082063
1327,1.398800015,1.334181547,0.088778556
1584721,1.388100028,1.315386534,0.100974914
2193896,2.178900003,1.879679084,0.796750526
874169,1.617499948,1.435010076,0.463316227
3084464,1.558799982,1.578164458,0.162607995
355336,2.245899916,1.528866768,0.631410317
3744713,1.601500034,1.555802703,0.097615448
2517318,1.843899965,1.787995338,0.084646548
3966195,3.147700071,3.148103952,0.185378088
130457,1.334400058,1.106114745,0.102347781
1805225,2.970299959,2.822241306,0.208313471
4989603,1.345700026,2.605928659,2.888976416
2007542,2.200000048,1.525289059,0.724342482
1815395,1.601099968,1.474320531,0.212751308
2559705,1.524199963,1.545970559,0.119539484
2029966,0.318599999,0.864316583,0.291063702
905849,1.519299984,1.421210051,0.10781003
981793,0.928600013,1.03525126,0.277917323
3054011,0.669200003,0.930416763,0.450005266
1126917,0.882600009,1.141171336,0.37413816
307136,0.758899987,0.837593734,0.444463104
2855790,1.686400056,1.648415327,0.270270826
245192,0.940800011,1.242293,0.372654954
239131,1.241299987,1.265407205,0.119139749
1611577,1.179299951,1.245012879,0.089819957
980082,0.623399973,0.699541986,0.293498844
88738,1.336799979,1.233029127,0.101157541
836258,1.725399971,1.29799509,0.321656559
168708,1.812100053,1.810173154,0.12938521
3882783,1.725700021,0.944578767,0.607133754
777775,2.414400101,1.896866798,0.827647701
1709801,1.430899978,1.37985301,0.094631536
2548406,2.175299883,1.112016201,0.550247339
36457,2.21239996,1.84588933,0.80690471
1454484,1.288300037,1.274894118,0.136283352
1583940,1.110299945,1.180937886,0.254706238
411899,1.530599952,1.520509124,0.0964761
4141186,0.5898,1.157424569,0.474315505
203782,1.235200047,1.571989298,0.422476851
2558027,1.200399995,1.223620415,0.104635243
1209823,1.8204,1.650170326,0.095663695
3762536,1.44780004,1.448069572,0.083795371
421551,2.3131001,2.353853464,0.367060355
835559,1.270699978,1.264330506,0.111302829
2110298,2.396899939,2.003832579,0.741163893
295121,0.90990001,0.89893055,0.20702748
2190121,3.678600073,3.832652807,0.352816042
569170,1.734099984,1.758746147,0.078135004
886990,2.473599911,2.221745253,0.34803583
272768,0.49149999,1.371284962,0.290059844
820129,1.627200007,1.699082494,0.146591503
960290,0.765999973,1.603817701,0.397106209
4987490,0.622699976,0.974321067,0.433592289
3924315,0.612900019,1.005856037,0.391071789
1120467,0.965900004,1.003307223,0.149661134
949688,1.289999962,1.308178306,0.139598597
1147289,2.566900015,1.688586116,0.788099929
3906383,0.916100025,1.178850412,0.366081154
2940214,0.281399995,0.72098583,0.349000625
904047,1.825999975,1.713059068,0.110501744
534377,2.308199883,1.646749377,0.987902271
895364,0.787400007,1.497327447,0.692245577
432265,1.33949995,0.897702634,0.328096116
3146258,2.470000029,2.145812511,0.430507554
1194125,1.389600039,1.275847554,0.115684958
1712205,0.714699984,1.80529809,0.496698072
243620,1.740700006,1.792687654,0.093526684
4909874,0.580500007,1.093066454,0.770638033
2363625,2.135499954,1.389645338,0.594657881
3988658,1.487100005,1.459370136,0.093787871
2039630,1.01030004,0.972940326,0.129673
2033110,1.294800043,1.348293185,0.113347914
3668443,1.378399968,1.302438259,0.113900146
912291,2.074899912,1.596414328,0.358979235
658506,1.931399941,1.653652906,1.5589694
3864763,2.017100096,2.028759956,0.057518727
4024683,2.746400118,2.775595665,0.224846118
194483,2.615200043,2.507963181,0.205530449
2109029,3.444700003,2.977053165,0.749486191
2696499,0.736400008,1.401266575,0.720032294
3820437,1.281000018,1.112071037,0.097285248
1536793,1.580899954,1.488639593,0.095594724
1896543,1.135599971,1.460294962,0.435658188
3828647,3.210700035,2.826947212,0.450395932
3781994,1.181499958,1.128174543,0.11845616
4671,0.782000005,1.518825769,0.519850697
3128706,0.774100006,1.911659598,0.751270331
3194681,2.170700073,1.917248249,0.410385958
48090,1.856999993,1.659257293,0.12361253
4105725,1.883200049,1.846833706,0.065432445
43198,0.829999983,1.408205152,0.74447288
4044403,4.115200043,3.848550081,0.411934187
1098291,1.357499957,1.20081532,0.106200685
3448378,1.668599963,1.348920584,0.282642836
3780774,2.582900047,2.367040634,0.434946767
1627470,2.010999918,2.013926029,0.098747673
194722,0.795899987,0.858031869,0.45359252
86234,1.60800004,1.599196076,0.107447547
3862373,1.085600019,1.244798899,0.101104253
3277287,1.047000051,1.399230599,0.550080767
3777392,2.760900021,2.881141186,0.264426149
3274925,1.453400016,1.347636938,0.128784946
775182,1.585399985,1.50457859,0.193292857
2049364,1.992799997,1.426815867,0.352826474
584709,1.986099958,1.968062878,0.063454738
4081319,0.272799999,0.5723809,0.262904244
2272229,2.176700115,0.982061148,0.638955919
3106021,2.508699894,1.082149267,0.550168501
3864993,0.883000016,1.399639368,0.441593671
4036159,0.792599976,1.412762523,0.597535639
412056,1.745900035,1.542158723,0.508507766
3766407,1.724599957,1.636591554,0.167562776
3041929,1.039800048,1.23712492,0.134778644
51217,2.013200045,2.026838064,0.156759783
2137600,1.490800023,1.481408596,0.067376949
3117378,2.710299969,1.899675131,0.650262585
121749,1.73179996,1.760659814,0.092724898
864785,2.014600039,1.486196756,0.46754399
291004,0.386799991,0.904301167,0.36819723
338794,1.389400005,1.277884841,0.104702195
37929,0.980499983,1.31311667,0.300161975
2563437,0.93599999,0.912586689,0.113632648
3105307,0.402099997,1.5440557,0.697340056
780463,0.875100017,0.869038463,0.28219409
3108018,1.147400022,1.199370623,0.103643145
449976,2.972800016,2.681326151,0.188549275
1570855,0.516099989,1.216420889,0.679140485
1369732,1.057600021,1.022389174,0.096710475
1848457,1.683500051,1.744720817,0.126509677
2093705,2.023799896,1.882565618,0.124377848
2011971,1.623999953,1.301672697,0.413308014
3754411,1.357300043,1.324655294,0.11953689
320428,1.223099947,1.26443994,0.098358045
4063529,0.607500017,0.542910695,0.26849069
7001,1.550899982,1.43503046,0.414408359
1631415,1.354500055,1.214332461,0.114660674
3764092,0.304199994,0.15757513,0.166027893
1001531,1.336799979,1.221081257,0.114503267
100286,2.706700087,2.460464001,0.46651792
1466227,1.01030004,0.957622468,0.306743908
187789,0.455900013,0.566162169,0.190957068
1243220,1.076500058,1.061180592,0.100293777
3074341,2.159399986,1.854290962,0.294701627
3889100,3.487299919,3.209624767,0.48664354
3984466,1.795799971,1.748662829,0.102362522
4006453,0.763999999,0.932000339,0.449810136
3099391,1.032099962,1.083562136,0.083017273
2101810,2.877000093,2.842811346,0.494216114
51944,1.516899943,1.469738722,0.090224186
2011154,2.390000105,2.688579321,0.611010435
4480796,2.966200113,2.609686136,0.397429294
30200,1.120800018,1.174011469,0.138802735
1621470,2.602999926,1.442988396,0.724930314
760096,1.496299982,1.30100596,0.205452967
662618,0.991900027,1.149586201,0.179311452
1309414,1.394199967,1.255617857,0.101061981
4112748,1.215800047,1.224166274,0.102313793
1380486,2.061399937,1.926231146,0.15730314
1201577,3.489799976,3.50508976,0.249112633
1683640,1.365300059,1.222464561,0.102070784
17732,1.908800006,1.79535985,0.101163254
3970869,1.072600007,1.1113199,0.097661238
1355301,1.334100008,1.295145273,0.151857989
1242711,1.711199999,1.162089586,0.571442673
3355241,1.612800002,1.536155462,0.100246324
611190,1.744799972,1.631268263,0.139341424
3696348,1.700700045,1.547023296,0.519693278
1658753,0.455799997,0.54778564,0.33237008
3144898,1.824399948,1.786789179,0.062203293
68411,1.49150002,1.337849736,0.566486879
1339098,3.275000095,3.080384254,0.150275192
2002021,0.727199972,1.668731809,0.573827935
3119021,1.722100019,1.585575819,0.397041362
1427724,2.636499882,2.025416374,0.801063823
2483775,1.515699983,1.527718186,0.083420658
689841,1.113299966,1.028908491,0.120093758
3456581,1.859400034,1.572978973,0.08792605
2550778,2.335400105,2.293634653,0.413661114
2578027,1.172999978,1.258043408,0.139613441
2590841,1.213199973,1.236339927,0.090553091
4023205,2.243599892,1.524012089,0.852812069
114502,1.922600031,1.853644609,0.097019014
1329214,0.76849997,1.17789042,0.42283537
895652,1.802999973,1.686935425,0.092088191
2564096,2.385299921,1.686149955,0.690145151
4006156,1.921300054,1.77529037,0.08818806
3160000,1.959300041,1.78437829,0.131616855
1189298,0.565999985,0.568713844,0.29870169
1521164,1.667299986,1.672832608,0.20784877
1855457,2.55250001,2.120807171,0.767453055
2578827,1.002900004,1.040492296,0.097542468
876885,1.35739994,1.280347586,0.10831041
1331112,1.461300015,1.383044481,0.084954812
2597579,0.353399992,0.25451678,0.407887844
3646705,1.1796,1.300691962,0.181837939
2032101,2.163300037,0.876087308,0.547037264
3748997,1.409000039,1.462662697,0.165148518
4041292,0.608200014,1.664855123,0.107062288
3097526,1.73269999,1.497310638,0.071044067
4992669,1.16260004,1.296023369,0.153692777
2026240,1.606400013,1.48902154,0.196469788
66260,1.583999991,1.496025562,0.222826023
1118390,1.392099977,1.357907891,0.099921658
3806567,0.482300013,1.113299489,0.452905075
4140118,1.464400053,1.417488337,0.074376168
3120615,2.142699957,1.531022429,0.697847332
1692757,1.795699954,1.797874451,0.073261595
3125774,1.952499986,1.914396882,0.099332448
1661684,1.021700025,0.97956121,0.138343947
3133847,3.087199926,2.736050129,0.3282969
1757480,1.581900001,1.350016475,0.325233583
1275231,1.466799974,1.418536901,0.116608852
1293979,1.492300034,1.489776373,0.098958352
791067,1.915400028,1.772687435,0.086106584
4071510,0.381099999,0.334981382,0.263674785
522501,0.460299999,1.039023876,0.367347642
4085716,2.300400019,2.325974226,0.299689094
2477635,1.435600042,1.291972876,0.087031853
444245,0.577799976,0.689282119,0.251596094
943557,1.853399992,1.747206807,0.088932867
607430,2.717999935,1.252989173,0.610044649
2976039,0.918099999,1.013130307,0.235210915
310383,1.557999969,1.462921262,0.190360834
1229339,1.779399991,1.729884505,0.069644704
1625714,0.976999998,1.162111878,0.182198018
2084710,1.970600009,1.756525397,0.275375163
144562,1.414199948,1.442263365,0.21303382
4097441,0.681500018,1.881703854,0.769666747
3882240,2.173300028,1.618869543,0.666016386
877946,1.85769999,1.567488551,0.229369768
1610833,0.834299982,0.876730502,0.313812872
811347,1.298099995,1.210682392,0.110498478
1110813,1.05219996,0.994832814,0.093423319
1913209,0.969600022,1.457556486,0.724162331
3971347,1.785099983,1.668407321,0.074358579
1591074,1.795600057,1.674665213,0.205576618
1662934,1.844099998,1.68865335,0.081826898
2725738,2.530800104,2.117324114,0.727571136
5013327,1.604400039,1.373007774,0.442649138
748703,4.087299824,4.149271011,0.451461088
1991163,0.61619997,1.493122816,0.280043225
1271802,1.780500054,1.529971957,0.189846299
1472737,1.567700028,1.538664103,0.092799228
1277718,3.055700064,2.437747955,0.572290726
1205841,1.77760005,1.698141575,0.222533862
3294458,1.487900019,1.245182872,0.379232679
1222002,1.617900014,1.597590685,0.287987631
2360811,1.49059999,1.544066548,0.147980671
1995944,0.541700006,0.804509699,0.37750514
88587,0.651899993,1.199603319,0.249459972
3809728,1.299800038,1.2417835,0.160459632
805479,2.036000013,1.233369112,0.699744405
301300,0.665799975,0.933914363,0.501293655
4056732,1.052999973,1.238801241,0.246952572
3973772,1.623900056,0.661457479,0.432511741
477242,1.572299957,1.524843931,0.114751609
3054780,0.899999976,0.851670146,0.364143047
2636798,2.275300026,2.078041553,0.954473167
2032040,1.473899961,1.573920608,0.257548963
3735404,1.531299949,2.099928379,0.926865406
4080109,0.542500019,0.480176628,0.218275765
3397090,0.520600021,0.844288111,0.413380673
3162653,1.103500009,1.175073981,0.135529104
4151460,1.722000003,1.623818398,0.184348331
1607217,2.382999897,1.744855523,0.678010626
596803,0.681800008,0.985346496,0.476970326
225080,2.088399887,1.269045115,0.602483169
4114672,2.035900116,1.929677606,0.210586972
357085,2.659499884,2.483589649,0.3853608
1291892,1.286000013,1.28050828,0.111298503
1658312,1.179100037,1.209687948,0.113852548
2443925,3.344399929,3.073886633,0.138453264
2692040,3.857500076,3.879074574,0.268036582
2101883,1.534399986,1.525548577,0.123419877
371312,1.417199969,1.379422784,0.097763694
3798757,1.234200001,1.265951514,0.153329503
3759387,1.25,1.23954463,0.111604056
2050256,0.375200003,1.033880711,0.419918131
1752313,1.400099993,1.252607346,0.203580767
4370,1.67110002,1.491669416,0.884846126
111809,1.468400002,1.530629754,0.100660972
2140714,2.410300016,1.523944974,0.623649401
1654449,2.248100042,1.901845217,0.618737604
2105662,0.618200004,1.240798354,0.314373907
3985033,1.20510006,1.297241449,0.137606179
4001343,0.981400013,1.308272839,0.326712326
344767,1.292199969,1.14972055,0.08947859
4111651,1.793200016,1.661310554,0.106023491
3875687,1.755699992,1.520859003,0.59840192
150782,2.270900011,0.411324382,0.318438175
788163,1.403399944,1.288689733,0.105839928
216183,1.067199945,0.987934411,0.15152882
2588420,0.847899973,0.880453646,0.274973845
3865837,0.548300028,0.890368998,0.579000326
693592,2.183199883,1.445989966,0.723462413
1909556,0.334800005,0.238316759,0.086144466
2026951,0.566600025,0.822680473,0.34286186
475258,2.096100092,2.057372332,0.064215798
20511,1.940400004,1.790910721,0.202647262
326671,1.871299982,1.695456028,0.094212726
1249448,1.590600014,1.539882064,0.109478527
992793,1.777799964,1.666956544,0.146381113
177139,1.326400042,1.245005727,0.102754312
193517,2.030600071,1.999218225,0.418535899
1209786,1.826900005,1.793623447,0.07729273
3485941,1.203199983,1.17004621,0.106405141
3960507,4.009500027,3.595223188,0.503591306
1117476,1.731899977,1.49239552,0.224592938
332878,1.569000006,1.649554491,0.189441779
1245133,0.49180001,0.572961092,0.161854641
2526521,2.04640007,2.110481739,0.1231647
1454328,1.057299972,0.994742393,0.109866146
496528,2.181999922,1.625948191,0.836607121
3088508,1.410699964,1.300000548,0.10092863
524585,2.016900063,1.906602025,0.303267606
1568160,0.775699973,1.486708045,0.528185561
1729371,1.342499971,1.239023089,0.09708341
675107,1.550899982,1.48467505,0.066277463
2610686,1.685799956,1.730789423,0.193736258
2028366,2.148000002,2.079194784,0.553924331
5010222,1.720299959,1.805270672,0.079297891
244987,1.561800003,1.624188304,0.077992792
1102429,1.273000002,1.288859367,0.103407232
306157,1.121000051,1.020036221,0.150953305
241971,1.133599997,1.196148276,0.095063907
3797798,1.796800017,1.813096523,0.067923385
1300819,0.779600024,0.825888276,0.259133078
1891207,0.835699975,1.200281739,0.836717687
1362530,1.344300032,1.270852566,0.120439651
313854,1.142199993,0.993287623,0.180555858
3763295,1.061499953,1.031766415,0.123346837
1990653,0.524999976,1.178714752,0.600268347
3997810,1.739199996,1.748441815,0.144575415
1089624,0.710300028,1.051710725,0.452103087
2552418,3.95539999,3.606823683,0.427121773
1927021,1.959599972,1.890013576,0.074676224
2046962,1.752900004,1.635564804,0.191648904
642935,0.90140003,1.223738194,0.521971857
628281,1.812299967,1.781614304,0.079648596
83360,1.648100019,1.484359384,0.261387858
2585077,1.225299954,1.243568778,0.097022897
590263,0.945599973,0.827266812,0.209583849
3691660,1.122499943,1.229985476,0.436439609
2216880,2.335500002,2.325889826,0.41193444
298167,1.83099997,1.669174314,0.099961141
275056,0.902700007,1.765357018,0.524803088
43590,1.725700021,1.713832736,0.083234961
14706,2.086899996,1.825145006,0.328046415
179963,1.674800038,1.55525744,0.20727806
2404708,0.791400015,0.850834489,0.292010992
2614483,2.159300089,1.589449406,0.705589595
3234445,2.074199915,2.033638716,0.32517672
3205911,0.903900027,0.765155911,0.121174924
3753284,1.539299965,1.570792675,0.136343687
2522266,1.292099953,1.523896813,0.311278423
3964212,1.599599957,1.362125635,0.241783829
685019,1.805099964,1.872764826,0.065913981
1743829,1.796800017,1.838249207,0.08873829
1983721,1.78579998,1.651733994,0.072490327
1587489,1.132400036,1.220074892,0.099274343
4005967,0.811600029,1.858031869,0.838211852
3450446,1.609099984,1.639772058,0.123415025
806399,1.929700017,1.405321121,0.202993681
1572145,1.38530004,1.223148465,0.122769323
3791889,3.12229991,2.930587053,0.447836815
1239434,1.460999966,1.437806726,0.07466029
2092507,2.36500001,2.752197981,2.459377412
655926,1.458600044,1.417002916,0.105368973
79566,1.202900052,1.196301699,0.105761506
4116418,0.797200024,0.969081104,0.327326598
1683866,1.897799969,1.867186427,0.056092774
1712036,2.282200098,1.451639652,0.655273665
330519,1.337900043,1.251388788,0.15060051
269952,1.261899948,1.22984302,0.09610435
181404,1.768300056,1.754297853,0.088023647
3929656,1.249300003,1.274824619,0.120980302
2520885,4.144499779,3.979744434,0.777995962
3755137,2.378299952,1.642966986,0.688741127
2595282,1.875100017,1.826099157,0.081255781
58697,0.668600023,0.747796357,0.408856831
470950,1.012199998,1.072788715,0.093405792
140509,2.711800098,2.487413406,0.417255631
3742911,1.854599953,1.815912247,0.132758515
845923,0.845399976,1.348105073,0.78114093
617993,0.49000001,1.392553091,0.414297469
2064956,2.98029995,2.96608448,0.287288921
2151949,1.062700033,1.18377912,0.130146018
3779899,1.799399972,1.791042805,0.098725379
550078,1.397400022,1.310479283,0.114773909
2526401,3.473400116,3.545953989,0.286666763
4013234,2.502399921,2.299310446,0.581161746
154240,0.501699984,0.723570108,0.402681653
4112150,1.464699984,1.49726367,0.088665135
1857731,1.102100015,1.107287765,0.351778589
1201231,1.637699962,1.372386336,0.221513762
938458,1.441300035,1.35621655,0.077830071
767516,1.055500031,1.050565004,0.10068447
172708,1.878600001,1.80937624,0.091230216
3047690,2.111000061,1.982899427,0.074717415
713948,1.211199999,1.240523577,0.112467308
2020749,0.684599996,1.339890718,0.724764579
3879083,0.992299974,0.71824801,0.362592865
710131,1.19509995,1.186776757,0.130781891
4127809,0.698800027,0.641988754,0.179661044
465148,2.769099951,2.924171925,0.238512341
2095994,2.146600008,2.221627951,1.392277411
3641610,1.024999976,1.132346034,0.153816332
977684,0.675700009,1.268072724,0.619520462
1814544,0.544499993,0.652967632,0.438833283
3769444,1.140900016,1.209807754,0.10253191
1667352,1.997699976,2.084719181,0.121339276
593176,2.947599888,2.924788475,0.130787695
821576,1.452000022,1.508933306,0.159814382
1713109,0.677600026,1.141602874,0.285275265
3905131,0.3125,0.255880624,0.159370396
2290858,2.221999884,1.891443849,0.785286774
269884,1.467900038,1.390507936,0.101779005
3950826,0.542299986,0.542080045,0.237681619
1461511,1.871899962,1.728885412,0.107480371
3501770,0.486000001,1.294884443,0.866441904
3706602,1.102599978,1.23494947,0.28244145
1455719,1.005699992,1.114311457,0.107713019
663489,1.573099971,1.533112288,0.073942561
1705093,1.086899996,1.028171539,0.089079906
3994311,1.752099991,1.720324278,0.087085924
1593840,1.066300035,1.174793363,0.097820235
1951732,0.905499995,0.882492006,0.288067769
4992219,1.643700004,1.442869544,0.468719307
3901204,1.884600043,1.610889077,0.10082425
1596283,1.353099942,1.187917113,0.140657415
1698228,1.620800018,1.546701312,0.335997632
4109802,1.805199981,1.003889203,0.402122326
1210960,0.810500026,0.774613619,0.117287597
2479332,1.607800007,1.56754899,0.194050219
1349806,1.620800018,1.66445601,0.363958998
1920725,1.504600048,1.579475522,0.142582704
1739837,1.541499972,1.525263667,0.107306414
133895,1.372200012,1.332498908,0.126741901
4144712,1.438199997,1.650242686,0.120256444
2260747,1.175300002,1.149072766,0.093306546
641691,2.213900089,1.013684511,0.559264601
535866,0.717000008,1.273589373,0.469114067
1430099,1.298499942,1.259909272,0.122942346
1088541,1.925300002,1.89723444,0.120204161
2137903,1.135800004,1.068564415,0.143635844
2089238,1.868800044,1.782198191,0.093333955
3135035,0.410100013,0.671310663,0.119463612
219445,2.128499985,1.834579468,0.278128146
4898421,0.782700002,1.315079093,0.508256982
3046193,0.621399999,0.801262379,0.275319435
2127318,2.689599991,2.587625742,0.338295787
119185,3.759200096,3.87275362,0.50696055
250750,0.726100028,0.901356101,0.435136764
1143478,1.88440001,1.723807693,0.09928765
913816,1.876000047,1.772199154,0.142192561
287365,0.481900007,0.713174224,0.427084041
3108682,1.049100041,2.551941156,0.745427738
381972,0.860099971,1.111591578,0.459655028
32374,0.554199994,0.814480603,0.507216324
2547903,2.153599977,1.161569715,0.577284331
625766,0.650099993,0.75716269,0.265697708
446537,1.390200019,1.275552273,0.169469555
2067169,1.358199954,1.560855269,0.289585234
3770314,0.453799993,0.694070935,0.466079112
3750599,1.45599997,1.635783672,0.167378709
1821886,1.105000019,1.158306241,0.121020372
1866904,1.269400001,1.337177515,0.332293732
971619,2.928999901,2.719252348,0.35050498
3867529,0.62440002,1.098953962,0.420872468
155630,1.70570004,1.722257733,0.095819461
653478,0.9648,0.939874053,0.240871662
3884694,1.252500057,1.282500505,0.116226043
1016406,1.4727,1.401606202,0.37427777
1695029,1.734500051,1.774846315,0.08847578
4021063,1.714599967,1.718594432,0.112951032
1538065,2.163300037,1.847214341,0.42977008
2744672,0.665000021,0.835125685,0.501651569
2877405,1.894099951,1.764725447,0.151141885
2066116,2.413800001,2.328719854,0.488254836
2079143,1.260400057,1.169344068,0.24795683
2609344,1.965299964,1.954940438,0.095635668
1838763,0.989700019,1.052773356,0.139754115
2121523,0.625199974,0.78984946,0.421699187
388504,1.170600057,1.403296471,0.364794461
3855862,2.586699963,2.122053146,0.611592245
907546,1.171300054,1.218212485,0.095850034
1633995,2.702199936,2.881201506,0.371791004
212178,1.077600002,1.057944894,0.108542373
1688926,1.616400003,1.626483321,0.112087591
1018326,2.498100042,1.77608192,0.592501407
4959336,1.64230001,1.519150376,0.458888202
1998276,2.49000001,1.521361589,0.555267085
247841,2.15170002,1.496258974,0.364407731
2604456,0.650099993,0.628835559,0.282734556
3591661,0.332199991,0.788459182,0.787881591
635558,1.757699966,1.722523808,0.28591683
3953640,1.812000036,1.540477514,0.380204268
1498578,2.490400076,2.282538176,0.499804742
4078292,0.762199998,0.793547153,0.40332179
2004722,2.319999933,2.320787191,0.630003594
408727,4.492800236,4.493767262,0.95058133
3066833,1.16779995,1.25056994,0.094659339
1058096,1.776200056,1.680624247,0.084438573
3847053,1.108500004,1.262416959,0.112500911
1789894,2.399699926,1.545256495,1.084450451
1723904,2.345000029,2.305794477,0.758838824
2702902,1.692800045,1.655131221,0.124156591
3576705,0.501999974,0.553918839,0.140447186
1032378,1.879600048,1.743501782,0.095115208
406029,0.761500001,1.621387482,0.623323529
3931288,2.160399914,1.172946572,0.475767536
4911676,4.19080019,4.227311611,0.465573947
365671,3.260200024,3.028916836,0.322724611
4978938,1.889500022,1.775956273,0.07662403
234686,0.722299993,0.87590456,0.700579954
1348355,1.387199998,1.341629982,0.100423107
1292837,1.282899976,1.230884314,0.139397496
4015561,3.140000105,2.701565027,0.601536961
1700294,2.114300013,2.033751488,0.116718498
1285114,1.793099999,1.739106059,0.075683391
1487261,1.020499945,0.920085371,0.146443736
1787370,0.943199992,1.047488451,0.152002876
198523,1.510200024,1.562297225,0.065314989
2358347,2.958899975,2.891159534,0.283719362
158833,0.707899988,1.451190233,0.855212204
1607027,0.889900029,2.004306555,0.680652722
3890125,1.711300015,1.725280166,0.089712669
3032670,1.094599962,1.114426136,0.090716364
3518311,0.572600007,0.65463686,0.3900612
1673079,1.386899948,1.263081551,0.158001412
2071527,1.872699976,1.696636915,0.089250826
947102,2.113500118,1.085992813,0.520289363
2335853,0.680100024,1.00952673,0.836735603
5004824,2.697099924,1.648176908,0.516622359
1589941,1.137799978,1.078846455,0.113095493
773761,2.145800114,1.5655967,0.74933217
1511546,1.181100011,1.277893782,0.128956828
972894,2.16869998,1.780919313,0.641176475
846789,0.64139998,0.793060422,0.346042327
1286965,1.393700004,1.45988214,0.221405305
3540522,1.904999971,1.70311892,0.08555005
25070,2.105799913,1.875688076,0.48539353
870582,1.477699995,1.472086906,0.174466824
2831798,0.806299984,1.482260227,0.814117619
1573506,1.021299958,1.142017126,0.128798548
3151744,1.541800022,1.669146419,0.071476572
631921,0.659099996,1.125307798,0.505053582
822288,1.08220005,1.09922874,0.112733462
964171,2.22420001,2.11318326,0.389916158
871620,1.481699944,0.575105071,0.300564143
3986400,1.497200012,1.672086,0.35266933
739590,0.91140002,0.782654405,0.16782051
3924967,1.095100045,1.064241767,0.280801999
1349072,2.306400061,2.160614252,0.365956455
3848222,1.243600011,1.501233339,0.170223462
3040117,1.312600017,1.227614999,0.241020475
658465,1.320199966,1.090431452,0.179523435
4053904,1.083799958,1.135404229,0.09856719
1963688,1.011399984,0.927317262,0.093116467
4068579,1.383200049,1.286229253,0.112968053
673269,2.094099998,2.075277805,0.091664615
572808,1.360599995,1.244253755,0.101162872
1378415,2.305000067,1.756848931,0.817213581
1073116,0.870199978,1.568418264,0.599836648
1623742,1.306100011,1.120876074,0.0929901
2491276,1.250200033,1.14135778,0.093735699
1684976,1.234799981,1.203320026,0.090737002
2107076,2.786600113,2.296138287,0.631552537
4067117,1.788800001,1.736797333,0.083413716
4071805,1.476899981,1.465568781,0.113696333
3905089,1.178799987,1.190410376,0.097025974
4952779,1.975200057,1.804485798,0.314814188
1451549,1.306200027,1.275503159,0.116432948
3899751,1.113800049,1.083211303,0.141785916
4027727,1.84010005,1.696075916,0.106804788
1512248,1.602599978,1.645316839,0.1531214
1167105,1.287700057,1.27114594,0.110550756
3636907,1.731699944,1.65779829,0.180199278
2580699,2.919100046,3.033685446,0.221192653
2168785,2.030400038,1.802356124,0.313944648
1300190,2.099999905,2.553013563,1.363395402
3776743,2.393399954,2.335882187,0.398541194
990689,1.794199944,1.632262945,0.084870655
1357944,0.338499993,0.380628526,0.298825457
3826601,1.636100054,1.56670022,0.26336532
452144,1.982499957,2.027400494,0.075934949
975069,2.13409996,2.056551695,0.306652093
3165632,1.17869997,0.751113117,0.298553141
2859508,1.738999963,1.819407105,0.074099963
2511760,1.811699986,1.74257791,0.110718728
4144403,1.574000001,1.527562261,0.17590521
2476138,2.434900045,2.392859459,0.334812332
3912362,2.936800003,3.002732038,0.185077374
3070271,1.155799985,1.237896323,0.100750719
1589349,1.56190002,1.592259526,0.107371696
570234,0.607299984,0.660294533,0.357585974
1855298,1.189700007,1.144691348,0.102196822
5158,1.007699966,1.095720768,0.114610003
1994355,1.237900019,1.228325367,0.303444516
49422,0.858900011,1.630894303,0.635546887
3063641,0.598200023,1.055702686,0.542301427
57317,2.517999887,2.366755724,0.59046436
4094167,1.089100003,1.081491113,0.110022794
893372,1.651000023,1.685092926,0.091771807
4048330,0.727299988,2.10024929,0.848711017
1387114,1.556499958,1.564573765,0.120271986
1985971,0.925899982,0.840880334,0.08993288
632548,1.542400002,1.550547123,0.085219691
1186404,2.341700077,1.517040372,1.146240624
811801,1.195500016,1.180822015,0.097293275
3139101,2.487400055,2.14684701,1.10706228
1465040,1.987599969,1.973988533,0.210608411
761653,1.926900029,1.94233501,0.148574039
1047897,1.745399952,1.491538525,0.27906041
1298399,1.571200013,1.528258562,0.086810358
2300584,0.927600026,1.030110598,0.22168898
1441658,0.600300014,1.582106352,0.139631884
729042,1.458699942,1.420636296,0.106934608
1315542,2.144500017,1.662899375,0.664480347
698463,0.745000005,0.73754102,0.314410343
3950342,1.274500012,1.061201692,0.185100893
3900099,1.611400008,1.612963915,0.134637807
3885764,1.438199997,1.55530262,0.121497945
1198279,1.136800051,1.838705778,0.779919521
2500072,2.087599993,1.547129869,0.328787611
2204291,1.700500011,1.716000319,0.101613839
1304411,2.165199995,1.427179217,0.662589088
884800,1.467000008,1.40473032,0.101429398
513289,1.627099991,1.662855625,0.136513297
3068404,1.628000021,1.767777681,0.16123063
4086748,1.199100018,1.155754924,0.09654338
1088473,0.867900014,0.982487559,0.382285748
3771913,2.683000088,2.060633421,0.684076607
1992519,2.683000088,2.532666922,0.643673482
3900618,1.456699967,1.440472841,0.092435281
1224717,1.54519999,1.497076869,0.169636124
397724,3.153399944,3.335998058,0.175630892
7838,1.444200039,1.339715481,0.11009931
1653654,1.563699961,1.218644857,0.510100624
3797288,2.386600018,1.837318897,0.740463101
460951,1.623299956,1.705205441,0.139372239
3760086,1.44599998,1.736423373,0.16884657
3796954,1.900099993,1.432958484,0.127393312
542071,1.254699945,1.225225449,0.111419038
2066000,1.211899996,1.287174582,0.105402418
3958962,0.630999982,0.762893736,0.347344559
3061549,1.397400022,1.341832876,0.092987972
986535,1.484300017,1.431656003,0.147675484
3741689,2.894500017,2.92356801,0.284838133
2114286,1.544700027,1.496646643,0.185036469
2653821,0.304699987,0.31039089,0.173347441
3126330,0.710500002,1.824156761,0.931093547
3965959,0.683000028,1.612508059,0.74471255
434615,1.562100053,1.581914186,0.087031935
1441903,1.676399946,1.611211777,0.11118618
1852634,3.282000065,2.552345753,0.776281158
3839582,0.760900021,2.00575304,0.774888729
3858587,0.773100019,1.151725054,0.594185293
1696497,2.390000105,2.747620821,0.70281539
4105888,1.219200015,1.203443766,0.110663122
1245598,1.149000049,1.506779432,0.41208692
4981469,1.539800048,1.688168049,0.308282635
290630,1.796399951,1.628454566,0.11569944
3580338,2.434499979,1.897408605,0.886881103
2484122,0.564499974,0.808169544,0.514618961
991621,2.235100031,1.770420432,0.641731377
1542393,3.140000105,3.206588507,0.210111759
1525770,0.747500002,1.30095005,0.825062288
2052028,1.552399993,1.520571351,0.171824919
2175651,1.815500021,1.819990277,0.081884255
3214276,0.577499986,0.546692669,0.394999519
1574863,0.821699977,0.868481398,0.328751114
1584703,1.532699943,1.366176248,0.215339738
3073865,1.258000016,1.219496012,0.106064246
3873847,1.003700018,1.044476748,0.216214696
788848,0.972000003,0.85227555,0.243323791
1411151,1.199399948,2.770300388,0.803781017
101690,1.54519999,1.545668364,0.109852735
850873,2.128499985,1.651806235,0.791225038
4110807,2.363100052,2.668431997,0.228609612
129563,0.866299987,1.1076473,0.493788899
3971696,1.336500049,1.46236825,0.371209779
1098594,1.791599989,1.746129513,0.086921491
1212478,0.999899983,1.051712036,0.132217237
1622409,0.372500002,0.614661753,0.142212988
3825101,1.988700032,1.964429379,0.071124517
4007575,1.740100026,1.503935456,0.112389789
2661861,1.316400051,1.256504297,0.144833031
967348,0.894800007,1.000028253,0.229606819
3111401,0.99879998,1.786843538,0.586715538
122080,2.308599949,1.594955206,1.021412251
3134469,0.467299998,1.671316028,0.321709702
2483643,1.01699996,1.080183029,0.104559133
492851,1.841099977,1.831646562,0.08222052
1998137,2.749000072,2.602801323,0.850277132
1342320,2.16170001,1.520820141,0.356684482
2523386,2.870500088,2.729763985,0.196238668
4141849,1.554499984,1.28836751,0.410268096
3862314,2.33949995,1.259791613,0.76007568
132269,1.050600052,1.057923675,0.171910109
958481,2.110100031,1.653092861,0.580722413
1841887,1.434100032,1.462889671,0.106306651
4972849,0.360199988,0.175689548,0.208163405
4913450,1.100900054,1.185993195,0.124782571
3841248,1.452600002,1.484830141,0.085379744
1271475,2.237699986,2.106601477,0.574112967
3952016,1.000200033,1.16300559,0.115982834
4063470,1.904600024,1.571076751,0.274811115
503539,0.866299987,0.78591454,0.370410692
1925334,1.645300031,0.962949455,0.283839622
4035209,2.049000025,2.018751383,0.183208721
602070,0.971099973,1.384447098,0.425972292
282715,1.680999994,1.606402874,0.367922615
3870484,2.200700045,1.906628251,0.656653303
2918964,1.629600048,1.607306242,0.148024423
4014818,1.399099946,1.3787117,0.091661927
3766762,2.420200109,2.451645374,1.120963857
3574077,3.102600098,2.227307796,0.763468684
561074,1.679299951,1.755254745,0.134982681
1730578,1.910400033,1.911921859,0.318345075
1949272,1.695199966,1.778926492,0.147441724
2611054,0.566600025,1.764008641,0.212618321
3967601,1.851199985,1.631408215,0.163319654
1875045,1.852100015,1.658337235,0.17682757
633427,1.752300024,1.726472259,0.154678013
204838,1.616400003,1.514516592,0.190828795
585712,4.137599945,3.933150053,0.564386542
859318,0.569500029,0.496231318,0.176615853
4928169,1.49059999,1.517346382,0.10756771
3662986,0.362599999,0.248302862,0.222869478
2505602,3.260900021,3.283854485,0.131377681
222286,2.527400017,2.353782654,0.571875534
3766564,1.929700017,1.705391526,0.204085217
4092511,1.988899946,1.60742414,0.323815313
164724,1.121099949,1.084707141,0.088470633
1639626,1.483999968,1.475080609,0.07870852
708071,1.286599994,1.455368519,0.196306494
2555100,0.546400011,0.444098175,0.170854007
3921978,3.109899998,3.332564592,0.225568647
208238,2.234499931,0.536958873,0.344589909
3815841,1.272699952,1.224896669,0.096937904
5000591,1.963600039,1.815128684,0.246972476
582730,0.899399996,1.608037114,0.676044942
1636120,1.470399976,1.468084097,0.151116138
579653,1.021800041,0.96421349,0.088402234
991947,2.240600109,1.928297877,0.691808422
2525957,2.194999933,1.692726612,0.693412564
3822396,1.542500019,1.578115582,0.08659428
1665205,1.616899967,1.549071908,0.108964986
1084972,0.807799995,1.432675958,0.716578063
2572689,1.619099975,1.497762084,0.195993486
4005953,1.560600042,1.631633759,0.101405265
1349091,1.083299994,1.210849524,0.10845186
315981,1.559900045,1.493498206,0.084100496
828114,2.169399977,1.918635607,0.485873105
3926449,2.214900017,1.334032655,0.652950553
2038755,2.033600092,1.923915505,0.186733567
632653,1.613800049,1.566436768,0.100298536
140339,1.814900041,1.744431376,0.124489962
3027509,0.937099993,1.064933896,0.272784612
139265,1.540400028,1.48110342,0.111525135
212428,0.829999983,0.928972542,0.503700155
1394828,1.903800011,1.84503746,0.077762128
2609473,0.952799976,1.709985495,1.035902453
1771787,0.987200022,1.159355402,0.346358868
2377219,0.57950002,0.5068717,0.169294834
1654525,1.213099957,1.175798416,0.259755471
3792217,1.705199957,1.608395219,0.162440599
1228453,1.647400022,1.627368093,0.09023989
278360,0.491299987,0.449496478,0.31207319
522129,0.555000007,1.57448113,0.228321352
1105414,1.779500008,1.68439436,0.240123902
1021519,1.302800059,1.356213689,0.094407828
2011087,1.944399953,1.918771505,0.075633913
4122790,0.645900011,0.547657311,0.237721654
3951075,1.632400036,1.670658946,0.107806639
732554,1.911299944,1.86333704,0.112493402
4089494,0.759000003,1.925373316,0.17784061
2114496,2.752000093,2.647826672,0.886824211
912477,0.783500016,1.231732965,0.529577033
2886253,1.218700051,1.260380745,0.109378657
4929339,3.048500061,2.679631948,0.584891747
1661168,1.497599959,1.531794429,0.091552002
1717949,0.883599997,1.075626373,0.442340184
4054084,1.648200035,1.674643874,0.103063582
2011370,2.75999999,2.449182034,0.309428209
9330,1.284100056,1.376313686,0.18089248
3954710,1.945600033,2.003697872,0.130656918
3772715,0.620100021,0.779506922,0.372348731
1284837,1.731600046,1.582211494,0.163105689
241736,2.046600103,1.26292038,0.19551345
587178,1.857300043,1.766623974,0.075374492
2527604,0.563600004,0.807911575,0.244795075
2742913,2.060800076,1.982037306,0.162448614
309552,1.866999984,1.613216996,0.196477818
3069028,1.006199956,1.067229986,0.241249321
668811,1.496999979,1.79410708,0.850161669
3270816,0.730199993,1.746795416,0.389023033
3063142,3.201299906,2.926044464,0.435373006
2394821,1.947399974,1.881568432,0.077714605
4095852,0.623199999,0.797239423,0.483159956
1698638,2.747499943,2.844983101,0.233802892
3617110,2.139300108,1.646015763,0.571530596
402814,1.138700008,1.036630988,0.216676275
374406,1.255499959,1.248820424,0.11835462
454461,1.931300044,1.908259988,0.08025951
282552,1.557299972,1.598831892,0.279771149
1604794,0.828599989,1.729755044,0.402048503
1590526,2.789200068,2.222361326,0.424356702
3842883,1.830600023,1.755819798,0.101183952
1002162,1.605599999,1.538303494,0.263385391
4905399,1.567299962,1.570675611,0.081061587
665778,2.69749999,2.268105984,0.524191925
2355391,0.281100005,0.247538283,0.141722687
1088481,1.283200026,1.33652401,0.089966638
242232,0.501900017,1.066069126,1.008704271
4088951,0.63380003,0.738243818,0.423632563
4902719,0.572899997,0.595794439,0.364499705
2494157,0.360100001,0.188020304,0.111025097
1343422,3.703200102,3.911441803,0.345209265
221006,1.551100016,1.589315057,0.119957286
3768891,1.338600039,1.246421695,0.122204886
2709675,1.383200049,1.351238489,0.112978098
1050493,1.324300051,1.315250754,0.117834637
584397,0.904999971,0.90349865,0.094407967
1627525,2.717999935,1.529535294,0.658041371
3957697,0.421600014,1.366365075,0.65916895
1688449,1.901800036,1.824971199,0.053127872
61001,2.122400045,1.52357161,0.783155368
2641027,1.452600002,1.496917248,0.08576334
2053146,1.696799994,1.694432259,0.102655925
3033276,0.837199986,2.098359108,0.765983303
1644132,2.139600039,2.019831181,1.173274159
2203492,2.667399883,2.398406029,0.511286691
4122623,2.381900072,2.177331209,0.387145318
1673869,2.581500053,2.289974689,0.558006057
4004892,1.358999968,1.322496533,0.112213932
744260,1.038100004,0.968670607,0.094028581
3074140,0.894800007,1.367213011,0.630282726
2548062,1.3046,1.316482186,0.105676032
1316838,1.496199965,1.477603436,0.096056543
3793880,0.637000024,1.151745439,0.442373937
401955,0.906700015,0.727665186,0.176482481
291065,0.713,1.242104292,0.889200946
861520,1.350000024,1.283453345,0.118850343
37210,1.418599963,1.232530117,0.10153523
3064104,3.230600119,2.980880976,0.26750565
1093653,0.487500012,0.747421503,0.401206585
2633999,1.319499969,1.237473965,0.101728881
1827453,2.701200008,2.346067667,0.670976504
4065871,1.230999947,1.259792447,0.095109226
21200,2.878400087,2.816363811,0.203352773
2112657,1.671200037,1.671497226,0.11887596
401033,1.962100029,2.028982878,0.055699001
762763,0.817099988,1.01619792,0.418389011
2528730,0.433499992,0.502509773,0.459734559
304705,1.543400049,1.557363749,0.100642684
426782,2.041199923,2.034178019,0.154529487
330776,1.365700006,1.335506082,0.177816634
521037,2.110399961,2.099933624,0.128793544
1070129,1.406700015,1.354777694,0.087445613
3937304,1.194100022,1.154317856,0.140700413
763319,2.461499929,1.22770524,0.65608304
1192753,1.826300025,1.709054112,0.121111265
4969590,0.528100014,0.814913988,0.305537566
30691,0.853900015,0.821356654,0.368141821
5006781,2.359999895,2.200478792,0.725564045
2482296,2.167500019,1.321456194,0.555583928
640336,1.639299989,1.116140962,0.354910674
717365,1.061499953,1.04080677,0.112737142
1187800,1.789800048,1.783277154,0.152379007
2491485,1.831500053,1.654762268,0.131833027
1303873,0.701399982,0.636830091,0.478608663
3063573,1.741899967,1.744931579,0.142265277
2499604,0.809199989,0.835924983,0.344948176
1679638,2.575000048,1.645769477,0.784211839
794906,1.001600027,1.410004854,0.516006242
983034,1.312299967,1.276593924,0.139986616
604284,0.294200003,0.089951724,0.255791167
2529492,2.728800058,1.501593232,0.624210383
981815,0.655700028,0.543511868,0.223305116
1227334,0.466199994,1.207978964,0.594970027
352174,1.307700038,1.203908086,0.113787695
3031028,1.503100038,1.407115221,0.164531667
4931087,2.081399918,2.072568178,0.105417447
591678,0.978299975,0.988582551,0.215233441
905587,2.464999914,1.451281548,0.740554459
1241410,1.655900002,1.582350492,0.152877801
1510712,1.505399942,1.5460639,0.09556731
1125238,0.932500005,1.375382543,0.481504827
223278,2.838000059,2.646995783,0.387212611
2478562,1.294499993,1.350394845,0.156932657
4952154,2.354000092,1.632422805,0.783039904
723885,2.006200075,2.000758648,0.088560324
1002453,1.131399989,1.26585865,0.105780243
2560878,2.13470006,0.982706845,0.567399253
685463,1.371700048,1.226525784,0.103532844
1221577,1.882500052,1.636009693,0.086788132
3741808,1.602800012,1.619177103,0.17806584
476087,1.679299951,1.460185647,0.243261486
1087654,2.151200056,1.550521016,0.634690406
544670,1.131700039,1.045598269,0.143263684
979378,0.796000004,1.351502538,0.674303788
2613947,0.621699989,0.873824477,0.35482136
1289965,0.740100026,1.405414104,0.703294056
1756971,1.299299955,1.253564596,0.125078467
3827761,1.012300014,1.456071258,0.552506929
1719790,2.959000111,2.686789751,0.530210741
1724998,1.894099951,1.849111438,0.070495245
1141012,1.898100019,1.750887871,0.071147242
212962,1.676900029,1.549291611,0.270685984
412529,1.879500031,1.795834899,0.07880276
283273,2.535200119,1.923315406,1.042763736
940518,0.732900023,1.73899138,0.738738226
3279512,1.565999985,1.531061769,0.112852778
1957294,2.13409996,1.782399774,0.336238405
658952,2.496400118,2.135628939,0.4289408
1020058,1.875399947,1.784540653,0.141410646
3918474,1.136000037,1.170526862,0.084299398
1193100,0.862200022,1.516471744,0.537043397
676546,4.449200153,4.207816601,0.466864625
1978207,0.688799977,1.264778256,0.829211943
3076365,0.646499991,0.9859249,0.479709304
2138361,1.539800048,1.466103673,0.444460371
1483073,1.468199968,1.524958014,0.09299001
2491958,1.113600016,1.147616029,0.092027764
3530105,2.589099884,2.175365448,0.671876508
2506878,1.582999945,1.541852593,0.11766981
2184365,1.128999949,1.276619673,0.113534591
2377754,1.095199943,1.017311335,0.218792051
1516218,2.279599905,2.414947271,0.284122946
2071832,0.980499983,1.384224653,0.475186268
1251024,2.007100105,1.730283856,0.429888349
2429577,0.490099996,0.374006659,0.170401051
883322,1.393599987,1.436813116,0.207744234
1566553,1.878200054,1.619860888,0.216552502
1517853,1.97300005,2.060201168,0.12922579
2535379,0.529200017,3.184318066,4.23723953
1683314,1.700000048,1.656914711,0.109214934
1242012,1.458500028,1.353499174,0.080743999
4055950,1.300600052,1.260900855,0.102875281
2589945,2.348500013,1.949037313,0.516787923
851644,2.065500021,2.078864336,0.077944236
290394,1.511899948,1.545166492,0.105461791
1777949,1.180600047,1.210172892,0.104231978
252649,0.6972,0.74962461,0.254788041
3737743,2.0072999,1.411560655,0.652096981
2584733,2.650300026,1.948483825,0.714806728
4143785,0.59920001,1.625015616,0.20350322
1148436,0.532199979,0.524021864,0.325642493
963633,2.353399992,2.368115425,0.297877726
486502,1.863700032,1.713777065,0.069972368
249076,1.880499959,1.74019444,0.092056865
3155999,1.459100008,1.512356639,0.092573321
1700845,2.341500044,1.620941758,0.786300622
2509117,1.536499977,1.481572866,0.110271801
3082635,0.790099978,1.744343758,0.69815383
3173276,1.215800047,1.182176352,0.141721451
1227787,1.488000035,1.430490732,0.08147909
470334,0.833299994,1.722442865,0.600626353
3382690,2.211199999,0.685078561,0.245312784
2505672,2.35529995,2.078201771,0.656882662
151724,1.550300002,1.549325705,0.119428525
2160882,2.466300011,1.791200995,0.919731396
2610159,0.596300006,0.934117615,0.523385544
542558,1.099300027,1.064721227,0.140254579
367841,1.911900043,1.7679708,0.070506322
2306,1.872499943,1.701495051,0.1020894
3737973,3.505199909,3.764992476,0.349377177
586347,3.265000105,3.234111309,0.173462929
2715816,1.286900043,1.125598311,0.107976901
3073855,1.621500015,1.560094357,0.077043616
3274556,1.177700043,1.202534914,0.111036852
3842824,1.002300024,0.911370277,0.118272027
1708411,2.8131001,2.757215738,0.290157333
1996657,3.491300106,3.171194553,0.46763663
1229520,1.074000001,0.995680094,0.465357761
4041922,1.682700038,0.808361888,0.253416734
1057980,2.13319993,1.767153025,0.609664237
4105931,2.06340003,1.570934892,0.498800732
798008,1.096300006,1.03100872,0.130091915
1154064,2.347700119,1.660769701,0.678911863
3115708,2.012500048,1.800686598,0.274114411
1553002,3.653800011,3.771309853,0.4668445
298430,0.614899993,1.366070032,0.729440097
1125199,1.32009995,1.35123992,0.105242208
1700357,1.302800059,1.208454013,0.13116154
398673,1.533699989,1.520586848,0.146145033
2024892,0.821799994,1.034008741,0.412171147
404473,1.228500009,1.042001009,0.103329671
863695,1.597599983,1.576405883,0.151630314
3548378,1.052399993,1.198809266,0.11747855
3078106,1.49150002,1.478898764,0.099482661
3721100,1.410699964,1.311069965,0.134895435